,tweet_id,tweet_text,language,tweet_created_at,retweet,favorite,hashtags,user_id,user_name,user,user_loc,user_follower,friends_count,media,tweet_url
79,1327758483161296897,#30DayMapChallenge Red Lion pubs in the UK https://t.co/NY9PrmBUbO,en,2020-11-14 23:41:05,1,0,"[{'text': '30DayMapChallenge', 'indices': [0, 18]}]",482234738,Kulbinder dio,Kulbinderdio,,28,259,http://pbs.twimg.com/media/Em0lSabXIAEhsXv.jpg,https://t.co/NY9PrmBUbO
81,1327754859010007043,"#30DayMapChallenge  Day 14: Climate Change

The 2020 North Atlantic hurricane season has already set records with 2 weeks remaining in the official season. https://t.co/vy84SqMTc2",en,2020-11-14 23:26:41,1,1,"[{'text': '30DayMapChallenge', 'indices': [0, 18]}]",579246246,Cas,cas_maps,,183,1040,http://pbs.twimg.com/media/Em0h-QtWEAct6Cb.jpg,https://t.co/vy84SqMTc2
82,1327750689775206400,"Day 15: connections

Bus and ferry routes in Auckland, New Zealand. 

@qgis + @LINZLDS (names + outline) + @AklTransport
(bus routes) + https://t.co/5gs0vZ00Xr (ferry routes). #30DayMapChallenge

(first time using labels in QGIS) https://t.co/3FQbhJf518",en,2020-11-14 23:10:07,1,6,"[{'text': '30DayMapChallenge', 'indices': [176, 194]}]",12306,Luis Apiolaza üßÆüçÉüì∑‚èö,zentree,"≈åtautahi, Aotearoa",1289,276,http://pbs.twimg.com/media/Em0eEuGUYAA4m2K.jpg,https://t.co/5gs0vZ00Xr
83,1327750322748596225,"#30DayMapChallenge
Day14: Climate Change 

Title: NO2 Emissions in the Arabian Peninsula

Software used: @qgis, @Illustrator, &amp; @Blender
 
The data were obtained from #GEE #Copernicus S5P in Jan-2020

Better late than never!!

#cartography #geography https://t.co/iFQaB2nqWk",en,2020-11-14 23:08:40,1,9,"[{'text': '30DayMapChallenge', 'indices': [0, 18]}, {'text': 'GEE', 'indices': [171, 175]}, {'text': 'Copernicus', 'indices': [176, 187]}, {'text': 'cartography', 'indices': [231, 243]}, {'text': 'geography', 'indices': [244, 254]}]",908818700660236288,ÿπÿ®ÿØÿßŸÑŸÑÿ∑ŸäŸÅ ÿßŸÑŸäÿßŸÇŸàÿ™,geo_alyaqout,Kuwait (Ex Texan),211,192,http://pbs.twimg.com/media/Em0dbDiXcAIkqjd.jpg,https://t.co/iFQaB2nqWk
86,1327745955542822912,"#30DayMapChallenge
Day 13: Raster

Density of Dams of Morocco (Kernel Density) 

#KernelDensity #Raster #GIS #Morocco https://t.co/9OFjje5QXv",en,2020-11-14 22:51:18,1,5,"[{'text': '30DayMapChallenge', 'indices': [0, 18]}, {'text': 'KernelDensity', 'indices': [81, 95]}, {'text': 'Raster', 'indices': [96, 103]}, {'text': 'GIS', 'indices': [104, 108]}, {'text': 'Morocco', 'indices': [109, 117]}]",1235881627684921344,EL JARMOUNI Mohamed,EljarmouniMed,"Casablanca, Grand Casablanca",120,480,http://pbs.twimg.com/media/Em0Y-pbXIAAYRDV.jpg,https://t.co/9OFjje5QXv
87,1327745113058013184,"#30daymapchallenge 14/30: Climate Change. **Speculatively slapdash** fire vs flood map of what Ventura may be up against in the far future vs. what's already happened, i.e. if emissions aren't dealt with at all and a 2-degree-Celsius global temperature rise melts ice caps. https://t.co/mYNr0RqNc2",en,2020-11-14 22:47:57,1,1,"[{'text': '30daymapchallenge', 'indices': [0, 18]}]",1224107513131327488,keirtography,keirtography,"Ventura, CA",61,195,http://pbs.twimg.com/media/Em0YtVOVgAE_5a_.jpg,https://t.co/mYNr0RqNc2
88,1327743141382926339,"#30DayMapChallenge - Day 14: #ClimateChange - Not based on any *actual* data, so it's an in principle illustration at best üôÑ(but)... 
These valleys are a ria catchment, so bigger tides (+ increased rainfall)=backup &amp; flooding out onto the meadows (&amp; now inc. roads and houses). https://t.co/5pwbCCrLSc",en,2020-11-14 22:40:07,1,1,"[{'text': '30DayMapChallenge', 'indices': [0, 18]}, {'text': 'ClimateChange', 'indices': [29, 43]}]",2224550306,MonkeyOnTheMountain‚ìã,Monk_Po,Rainbow Unicorn Mountain-SWUK,357,542,http://pbs.twimg.com/tweet_video_thumb/Em0Wn3rXUAAgXIE.jpg,https://t.co/5pwbCCrLSc
89,1327737758471827456,These are our top 5 maps from Day 14: Climate Change for #30DayMapChallenge see our twitter thread for original authors and links #geoshare #GISchat https://t.co/S4J2E5CZea,en,2020-11-14 22:18:44,2,9,"[{'text': '30DayMapChallenge', 'indices': [57, 75]}, {'text': 'geoshare', 'indices': [130, 139]}, {'text': 'GISchat', 'indices': [140, 148]}]",190644064,British Cartographic Society,bcsweb,UK,3343,270,http://pbs.twimg.com/media/Em0SdFgW4AQiXE1.jpg,https://t.co/S4J2E5CZea
90,1327737476404932613,"#30DayMapChallenge Day 14
üñº Mapa del clima mundial‚è≥1823
üé® Alexander von Humboldt
üèõ @NYPLMaps 
Humboldt estudi√≥ la relaci√≥n entre el clima, geograf√≠a, naturaleza y las sociedades humanas. Su obra es utilizada hoy en d√≠a por los cient√≠ficos que estudian el cambio clim√°tico https://t.co/fd28rYKzk2",es,2020-11-14 22:17:37,1,0,"[{'text': '30DayMapChallenge', 'indices': [0, 18]}]",92787154,Esteban Escolano Molin,e2molin,"Madrid, Spain, Europe",454,1050,http://pbs.twimg.com/media/Em0SMfXXIAEaPMi.jpg,https://t.co/fd28rYKzk2
92,1327735602213687296,"#30DayMapChallenge Day 14: Climate Change

Indicative landscape sensitivity to the projected impacts of climate change by 2050 based on:

Berry et al, 2019. LANDMAP, Landscape and a Changing Climate. NRW Report No: 314, Natural Resources Wales, Bangor https://t.co/w72bZHVlcH",en,2020-11-14 22:10:10,1,7,"[{'text': '30DayMapChallenge', 'indices': [0, 18]}]",996371006519496705,Menna Bell,BellMenna,"Wales, United Kingdom",15,80,http://pbs.twimg.com/media/Em0Qc9aXEAAvEyu.jpg,https://t.co/w72bZHVlcH
94,1327735515442008065,"#30DayMapChallenge - Day 14: Climate Change

Peatland Distribution across Scotland.

This excellent article from @severincarrell explains why peatland habitats are so important for Climate Change.

https://t.co/7Rle9zwUvR https://t.co/BhBHwkfnkO",en,2020-11-14 22:09:49,1,3,"[{'text': '30DayMapChallenge', 'indices': [0, 18]}]",12620762,Mike Coats,MikeCoatsDotCom,"Inverness, Scotland",295,1180,http://pbs.twimg.com/media/Em0QaPvWMAA94cs.jpg,https://t.co/7Rle9zwUvR
95,1327731699489312768,"#30DayMapChallenge D√≠a 14: Cambio Clim√°tico. El 2019 fue el segundo a√±o m√°s c√°lido dentro del periodo 1880‚Äì2019, el primero fue el a√±o 2016. Adem√°s, se produjeron eventos extremos de precipitaci√≥n y sequ√≠a en todo el mundo.

#RStats #rspatial 

C√≥digo: https://t.co/yhnEbuZiOu https://t.co/JokFEcO8U1",es,2020-11-14 21:54:39,6,6,"[{'text': '30DayMapChallenge', 'indices': [0, 18]}, {'text': 'RStats', 'indices': [225, 232]}, {'text': 'rspatial', 'indices': [233, 242]}]",30381129,Steph Orellana Bello,sporella,Chile,316,193,http://pbs.twimg.com/media/Em0Mx4jWMAIArw4.png,https://t.co/yhnEbuZiOu
96,1327729211054886912,"Ukraine. Emissions of Carbon Dioxide into the atmosphere by region
#30DayMapChallenge Day 14: Climate change
#QGIS Data: https://t.co/7ZrnO7nYMI https://t.co/yy1FUo98tU",en,2020-11-14 21:44:46,8,45,"[{'text': '30DayMapChallenge', 'indices': [67, 85]}, {'text': 'QGIS', 'indices': [109, 114]}]",14992557,gontsa,gontsa,"Cherkasy, Ukraine",4535,1415,http://pbs.twimg.com/media/Em0KovBXEAczdNp.jpg,https://t.co/7ZrnO7nYMI
97,1327728942745313281,CO2 emissions in 14 selected countries nearby over 60 years. #30DayMapChallenge  Day 14 Climate Change https://t.co/bD5precn9I,en,2020-11-14 21:43:42,1,0,"[{'text': '30DayMapChallenge', 'indices': [61, 79]}]",40151250,T√µnu Oja,tonuoja,,23,29,http://pbs.twimg.com/media/Em0KOInW4AINliy.jpg,https://t.co/bD5precn9I
98,1327724767869345793,"Curling ponds in Dumfries in Galloway
#30DayMapChallenge #Day14 #ClimateChange #QGIS https://t.co/GghVzRFnq4",en,2020-11-14 21:27:07,3,8,"[{'text': '30DayMapChallenge', 'indices': [38, 56]}, {'text': 'Day14', 'indices': [57, 63]}, {'text': 'ClimateChange', 'indices': [64, 78]}, {'text': 'QGIS', 'indices': [79, 84]}]",1081900377853829120,D&G place-names,dgplacenames,,578,300,http://pbs.twimg.com/media/Em0FtI8XYAARS9C.jpg,https://t.co/GghVzRFnq4
99,1327723705972252673,"Day 14 of #30DayMapChallenge / Climate Change

The EU emissions trading system is a cornerstone of the EU's policy to combat climate change and its key tool for reducing greenhouse gas emissions cost-effectively. The EU ETS works on the 'cap and trade' principle.

#shittylegend https://t.co/lwjgVn1mfS",en,2020-11-14 21:22:54,1,6,"[{'text': '30DayMapChallenge', 'indices': [10, 28]}, {'text': 'shittylegend', 'indices': [265, 278]}]",3494716935,Eli≈°ka Vlƒçkov√°,vlckel,ƒåesk√° republika,162,152,http://pbs.twimg.com/media/Em0FjTMW4Achvab.jpg,https://t.co/lwjgVn1mfS
100,1327722283063009280,"Day 14: Climate Change #30DayMapChallenge Carbon Dioxide Sources, USA &amp; Canada https://t.co/JiuYV03fmS",en,2020-11-14 21:17:14,1,8,"[{'text': '30DayMapChallenge', 'indices': [23, 41]}]",54696312,Heather Malloch,Hevski17,Scotland ,199,469,http://pbs.twimg.com/media/Em0DXUmXEAIHbJo.jpg,https://t.co/JiuYV03fmS
101,1327720245423968260,"Day 14 of the #30DayMapChallenge.  Climate change, made more difficult by my #bigsurupdate.  Environment Agency risk of flooding in Kent https://t.co/5qo7u42UeL",en,2020-11-14 21:09:09,1,3,"[{'text': '30DayMapChallenge', 'indices': [14, 32]}, {'text': 'bigsurupdate', 'indices': [77, 90]}]",230856587,Ivo Wengraf,iwengraf,"Higham, Kent",365,920,http://pbs.twimg.com/media/Em0CfOhXMAEtMvV.jpg,https://t.co/5qo7u42UeL
102,1327720032831496192,#30DayMapChallenge day 14 - climate change. Average annual minimum (left) and maximum (right) temperature change 1980 - 2019 in North America. https://t.co/rR0kiD5jR9,en,2020-11-14 21:08:18,1,0,"[{'text': '30DayMapChallenge', 'indices': [0, 18]}]",1228659691355590656,Du≈°an ≈Ωivkoviƒá,dusziv,,8,41,http://pbs.twimg.com/media/Em0BFZXXUAQRNHp.png,https://t.co/rR0kiD5jR9
103,1327718844014727172,"#30DayMapChallenge Day 14 - Climate Change

Found some historic data for Storglaci√§ren in Tarfala valley (source: Bolin Centre for Climate Research at @Stockholm_Uni). Sad to say the extent is probably a lot smaller today... Rendered in #Blender3d. https://t.co/uthLG6h7ia",en,2020-11-14 21:03:34,2,9,"[{'text': '30DayMapChallenge', 'indices': [0, 18]}, {'text': 'Blender3d', 'indices': [237, 247]}]",1274785600466550785,spatial_occasions,spatialoccasio1,"Stockholm, Sverige",51,57,http://pbs.twimg.com/tweet_video_thumb/Em0AOcTWEAEUSqN.jpg,https://t.co/uthLG6h7ia
104,1327717330244280324,"#30DayMapChallenge Day 14: Climate change

Climate zones keep shifting due to global warming. Will your city be in the same zone of K√∂ppen-Geiger climate classification by 2050?
Check out here:
https://t.co/WZhnqfSHNz https://t.co/SgsTXuoR6K",en,2020-11-14 20:57:33,3,4,"[{'text': '30DayMapChallenge', 'indices': [0, 18]}]",1024584556110852096,Kontur,KonturInc,"1305 N. Holopono Street, Suite 2
Kihei HI 96753 
USA",216,271,http://pbs.twimg.com/media/Emz_3yzXcAAY_ZC.jpg,https://t.co/WZhnqfSHNz
105,1327716896351813632,#30DayMapChallenge Climate Change. For today's theme I updated a map I previously made to include 2019 California wildfire data. https://t.co/gxMrebhUD8,en,2020-11-14 20:55:50,1,6,"[{'text': '30DayMapChallenge', 'indices': [0, 18]}]",404240734,Barbara Kent,SDGeoGirl,,121,289,http://pbs.twimg.com/media/Emz_exrVoAAVY0X.jpg,https://t.co/gxMrebhUD8
106,1327716596287115264,Day 15 - Connections #30DayMapChallenge. Connecting fault lines to buildings. https://t.co/B1zpVrgsis,en,2020-11-14 20:54:38,6,40,"[{'text': '30DayMapChallenge', 'indices': [21, 39]}]",1310659130290388992,Emory Beck,MapHustle,"Wellington, New Zealand",71,33,http://pbs.twimg.com/media/Emz-vXwUwAATHT0.jpg,https://t.co/B1zpVrgsis
107,1327715430669053952,"üå≥üå≥Forest area change in South America (1990-2016)

#30DayMapChallenge Day 14 #climatechange 
Made with #QGIS #Maps #Forest #Ambiental https://t.co/cMQ4BGRVgB",en,2020-11-14 20:50:01,2,9,"[{'text': '30DayMapChallenge', 'indices': [51, 69]}, {'text': 'climatechange', 'indices': [77, 91]}, {'text': 'QGIS', 'indices': [103, 108]}, {'text': 'Maps', 'indices': [109, 114]}, {'text': 'Forest', 'indices': [115, 122]}, {'text': 'Ambiental', 'indices': [123, 133]}]",1154257288158298112,geosc√©ntricos,geoscentricos,Ciudad de M√©xico,207,187,http://pbs.twimg.com/media/Emz-Iw5UYAARtjY.jpg,https://t.co/cMQ4BGRVgB
108,1327712276661604352,"#30DayMapChallenge Day 14 - Climate Change
Estimated tons of CO2 emissions as a result of aboveground biomass loss from 2001-2018, from @globalforests dataset. This is the metro area from Bel√©m, Brazil.

Toneladas de CO2 emitidos ap√≥s perda de biomassa de √°rvores 2001-2018, RMB. https://t.co/JL8SeeGPYS",pt,2020-11-14 20:37:29,1,7,"[{'text': '30DayMapChallenge', 'indices': [0, 18]}]",180939408,torts,tgsousa_,,895,1013,http://pbs.twimg.com/media/Emz7MIZWMAAod1S.jpg,https://t.co/JL8SeeGPYS
109,1327711984696111111,"A bit late to the party, but here's #30DayMapChallenge day 14: Climate change.

Just one of the many islands which will disappear somewhere this century. https://t.co/tm81DjnXOd",en,2020-11-14 20:36:19,2,14,"[{'text': '30DayMapChallenge', 'indices': [36, 54]}]",1413024271,Koen Van den Eeckhout,Koen_VdE,"Gent, Belgi√´",1938,1461,http://pbs.twimg.com/media/Emz6zjlXYAMbBOv.jpg,https://t.co/tm81DjnXOd
110,1327707631226597378,Carte de Cassini. @VilledeReims  et ses environs au XVIII√®me si√®cle. Echelle originale au 1/86400. #30DayMapChallenge (5) https://t.co/NOO0xTKlYf,fr,2020-11-14 20:19:01,3,3,"[{'text': '30DayMapChallenge', 'indices': [99, 117]}]",1325086092417175552,Nicolas Bollot,BollotN,,9,27,http://pbs.twimg.com/media/Emz25ZwW8AUBCSi.jpg,https://t.co/NOO0xTKlYf
111,1327707553988448256,"Don't forget you can help crowdsource the metadata. I'd love to think NZ was the most loved country but I'm realistic it will eventually drop down the #30DayMapChallenge rankings. üòÄ
https://t.co/AFEiKuJYBY https://t.co/n3MR98lxUQ",en,2020-11-14 20:18:43,1,1,"[{'text': '30DayMapChallenge', 'indices': [151, 169]}]",33788841,su«ùbbƒ±…π…ü pƒ± å…êp,dakvid,"Wellington, New Zealand",377,453,http://pbs.twimg.com/media/Emz25ZQVgAAOxs5.jpg,https://t.co/AFEiKuJYBY
112,1327707546870661120,"Halfway through #30DayMapChallenge and the gallery now has 3,589 maps from 642 cartographers!
https://t.co/P8S7r6hbrF https://t.co/JMrfZ2PYqe",en,2020-11-14 20:18:41,3,28,"[{'text': '30DayMapChallenge', 'indices': [16, 34]}]",33788841,su«ùbbƒ±…π…ü pƒ± å…êp,dakvid,"Wellington, New Zealand",377,453,http://pbs.twimg.com/media/Emz2D75VgAAiPwB.jpg,https://t.co/P8S7r6hbrF
113,1327704779389362178,"#30DayMapChallenge ‚Äì Day 14: Climate Change

Concrete as far as the eye can see and often not designed for proper airflow make cities less resilient to the challenges of a climate crisis. Urban Heat Islands quickly need to adapt to the 21st century.

@OpenDataZurich https://t.co/4xDnau86u4",en,2020-11-14 20:07:41,2,6,"[{'text': '30DayMapChallenge', 'indices': [0, 18]}]",152331899,Manuel Abebe,manuelabebe,,6,155,http://pbs.twimg.com/media/Emz0XAJXcAAbhg4.jpg,https://t.co/4xDnau86u4
114,1327702848038199299,"#30DayMapChallenge D√≠a 14: Cambio clim√°tico. 
Mapa sobre el √çndice de Sequ√≠a de Diferencia Normalizada describe la intensidad de sequ√≠a en un √°rea determinada. Los valores entre 0 y 1 indican presencia de sequ√≠a; mientras m√°s cercano a 1, mayor grado de sequ√≠a. https://t.co/q8OEFsUnwu",es,2020-11-14 20:00:01,4,13,"[{'text': '30DayMapChallenge', 'indices': [0, 18]}]",2239825712,IIEG Jalisco,IIEGJ,"Calzada de los Pirules #71, Ciudad Granja, Zapopan, Jalisco",4765,0,http://pbs.twimg.com/media/EmvEV4mXEAYCZ6j.jpg,https://t.co/q8OEFsUnwu
115,1327701502752907264,"Day 14 of the #30daymapchallenge - Climate Change 

Map of predicted global temperature and precipitation levels for the near future for high emission levels. #climatechange #environment #globalwarming #GIS #Arcpro #temperature #precipitation https://t.co/kUuBJ294xC",en,2020-11-14 19:54:40,0,3,"[{'text': '30daymapchallenge', 'indices': [14, 32]}, {'text': 'climatechange', 'indices': [159, 173]}, {'text': 'environment', 'indices': [174, 186]}, {'text': 'globalwarming', 'indices': [187, 201]}, {'text': 'GIS', 'indices': [202, 206]}, {'text': 'Arcpro', 'indices': [207, 214]}, {'text': 'temperature', 'indices': [215, 227]}, {'text': 'precipitation', 'indices': [228, 242]}]",179094335,sarah‚òª,sarah_wilson7,"Dublin City, Ireland",143,328,http://pbs.twimg.com/media/EmzxefmXIAAl7uu.jpg,https://t.co/kUuBJ294xC
116,1327700161024421891,"#30DayMapChallenge

Day 14: Climate Change

Sea Ice extent of the Arctic

Sea ice extent has been dwindling in the past 5 years, especially during late summer (September)

Data from https://t.co/aOAOK15Azd

#rstats #rspatial https://t.co/GAQzHD4d1v",en,2020-11-14 19:49:20,7,17,"[{'text': '30DayMapChallenge', 'indices': [0, 18]}, {'text': 'rstats', 'indices': [207, 214]}, {'text': 'rspatial', 'indices': [215, 224]}]",45565875,Emil Malta ‚ùÑÔ∏è,emilmalta,Nuuk,190,947,http://pbs.twimg.com/media/Emzvop3XcAAODtU.jpg,https://t.co/aOAOK15Azd
117,1327696245696159744,Renewable energy generation locations across North East England #30DayMapChallenge #day14 #climatechange https://t.co/tCKkW6Ho6W,en,2020-11-14 19:33:47,2,11,"[{'text': '30DayMapChallenge', 'indices': [64, 82]}, {'text': 'day14', 'indices': [83, 89]}, {'text': 'climatechange', 'indices': [90, 104]}]",318026127,Craig Robson,CaRobson,Newcastle,170,202,http://pbs.twimg.com/media/Emzr1gJXUAAmGJ7.png,https://t.co/tCKkW6Ho6W
118,1327695306532794369,Day 14 of the #30DayMapChallenge is climate change. Here is a map of #Wildfires in the western lower 48 states from 1984 to 2018. https://t.co/aI0RJGJidy,en,2020-11-14 19:30:03,1,4,"[{'text': '30DayMapChallenge', 'indices': [14, 32]}, {'text': 'Wildfires', 'indices': [69, 79]}]",2719547953,Jesse Pisel,geologyjesse,,600,472,http://pbs.twimg.com/tweet_video_thumb/EmzrtG2WMAIr_SF.jpg,https://t.co/aI0RJGJidy
119,1327690913418797058,"#30DayMapChallenge #Day14 Climate change.

Map of coral bleaching observed between 1963-2010, using the Spilhaus Projection.

Data source: 
@WorldResources
 https://t.co/GbpDLPK1Bi

#coralbleaching #climatechange https://t.co/GZwHjM4ezu",en,2020-11-14 19:12:35,2,11,"[{'text': '30DayMapChallenge', 'indices': [0, 18]}, {'text': 'Day14', 'indices': [19, 25]}, {'text': 'coralbleaching', 'indices': [182, 197]}, {'text': 'climatechange', 'indices': [198, 212]}]",314881866,Joe Davies,JoeWDavies,Cardiff / Madrid / Luxembourg,197,169,http://pbs.twimg.com/media/EmznsM5W8AEKury.jpg,https://t.co/GbpDLPK1Bi
120,1327690280737402880,Source-sink dynamics based on velocity of climate change. Start locations density follow IUCN all species richness. I used #IPSL-CM6A-LR with #ssp585 from #WorldClim at 1deg resolution for velocity. Made with #rstats for the day 14 of the #30DayMapChallenge. https://t.co/AWwI8rn2uU,en,2020-11-14 19:10:04,3,8,"[{'text': 'IPSL', 'indices': [123, 128]}, {'text': 'ssp585', 'indices': [142, 149]}, {'text': 'WorldClim', 'indices': [155, 165]}, {'text': 'rstats', 'indices': [209, 216]}, {'text': '30DayMapChallenge', 'indices': [239, 257]}]",1125320137853341696,PedroTarroso,ptarroso,,137,67,http://pbs.twimg.com/ext_tw_video_thumb/1327689827974787074/pu/img/umdVjRQHO0Tex6U0.jpg,https://t.co/AWwI8rn2uU
121,1327688317396246534,"#30DayMapChallenge 
Day 14: Climate change 

The #Pyrenees are a particularly sensitive and vulnerable bioregion to the effects of #climatechange and are an excellent natural laboratory for different studies. 
@opcc_ctp https://t.co/eIPPcM2M6Q",en,2020-11-14 19:02:16,1,5,"[{'text': '30DayMapChallenge', 'indices': [0, 18]}, {'text': 'Pyrenees', 'indices': [49, 58]}, {'text': 'climatechange', 'indices': [131, 145]}]",1132056770,Riesgos Naturales & Medio Ambiente,arriskeus,International,758,1893,http://pbs.twimg.com/media/EmzlaFJWEAIQuup.jpg,https://t.co/eIPPcM2M6Q
122,1327688141420044300,"Day 14: Climate Change
#30DayMapChallenge https://t.co/ICjGMBv1X7",en,2020-11-14 19:01:34,1,8,"[{'text': '30DayMapChallenge', 'indices': [23, 41]}]",1233423602948694017,Nic,DrNicNacks,,10,32,http://pbs.twimg.com/media/EmzlSbiW8AIOulc.jpg,https://t.co/ICjGMBv1X7
124,1327685527357829121,"#30daymapchallenge Day 14 #ClimateChange

Map of #communitygardens by neighborhood in #ottawa, Ontarioüá®üá¶(83 total, incl. 26 new or in development)

Data from Open Ottawa w/ @ArcGISOnline https://t.co/WHIbogKGUl",en,2020-11-14 18:51:11,2,3,"[{'text': '30daymapchallenge', 'indices': [0, 18]}, {'text': 'ClimateChange', 'indices': [26, 40]}, {'text': 'communitygardens', 'indices': [49, 66]}, {'text': 'ottawa', 'indices': [86, 93]}]",910889225448439808,Dennis Kao,professorkao,,118,225,http://pbs.twimg.com/media/EmzgOMeXMAAphdl.jpg,https://t.co/WHIbogKGUl
125,1327685161702600710,"#30DayMapChallenge Day 14: Climate
A kinda lazy map today: Participation in the 2016 Paris Agreement

The US officially withdrew ten days ago (the earliest they were allowed to when Trump announced his intention to do so), but Biden has pledged to rejoin asap https://t.co/TZlO3lTADR",en,2020-11-14 18:49:44,1,5,"[{'text': '30DayMapChallenge', 'indices': [0, 18]}]",759988092,Matthew Law,Iawmatthew,,20,48,http://pbs.twimg.com/media/EmzhnQ4W8Aci67E.jpg,https://t.co/TZlO3lTADR
126,1327684360288546819,"#30DayMapChallenge day 14, climate change. The governments of the green colored countries call themselves ""Wellbeing Economy Governments (WEGo)"" https://t.co/0XugOCDtcx. Code: https://t.co/cIRMy5P1lE
#rspatial #rstats #mapboxgl4r #dataviz https://t.co/tDmeS7cdDR",en,2020-11-14 18:46:33,3,5,"[{'text': '30DayMapChallenge', 'indices': [0, 18]}, {'text': 'rspatial', 'indices': [200, 209]}, {'text': 'rstats', 'indices': [210, 217]}, {'text': 'mapboxgl4r', 'indices': [218, 229]}, {'text': 'dataviz', 'indices': [230, 238]}]",1321515174214410240,_sk,_skuethe,,3,4,http://pbs.twimg.com/media/Emzg9GqXUAAOCiU.png,https://t.co/0XugOCDtcx.
127,1327684270706618375,"#30DayMapChallenge Climate Change , Occurrence d'inondation (WRI) 2013-2017, AQUASTAT https://t.co/qlJmvWGwqf",fr,2020-11-14 18:46:11,1,9,"[{'text': '30DayMapChallenge', 'indices': [0, 18]}]",2493409233,Africa & Geomatique,geocarta,,285,166,http://pbs.twimg.com/media/EmzhvEkXIAAzO4Y.png,https://t.co/qlJmvWGwqf
128,1327683830933835776,"#30DayMapChallenge day 14 Climate change. 2019 Land Surface Temperature Anomaly by month. Data from NASA NEO, using Blender #b3d and ffmpeg. https://t.co/uZ3dGYR5nh",en,2020-11-14 18:44:27,3,32,"[{'text': '30DayMapChallenge', 'indices': [0, 18]}, {'text': 'b3d', 'indices': [124, 128]}]",363276700,Steven Kay,stevefaeembra,Edinburgh,844,330,http://pbs.twimg.com/ext_tw_video_thumb/1327683635621859330/pu/img/cjxcz1KmPvXSeTGi.jpg,https://t.co/uZ3dGYR5nh
129,1327683742668906498,"Day 14 of the #30DayMapChallenge: Climate Change. Fires in Australia observed by the MODIS instruments aboard NASA's Terra and Aqua satellites, 2000-2019. https://t.co/JQFaUatQbZ",en,2020-11-14 18:44:06,1,11,"[{'text': '30DayMapChallenge', 'indices': [14, 32]}]",1033774266880282624,Strath Slater,StrathSlater,"Edinburgh, Scotland",84,102,http://pbs.twimg.com/tweet_video_thumb/EmzhFY_WEAYkhkd.jpg,https://t.co/JQFaUatQbZ
131,1327679337730953216,"üó∫Ô∏è #30DayMapChallenge Climate Change. A viz about sea level rise...QGIS + Tableau https://t.co/srQCDokQwJ
@tableaupublic https://t.co/LtzAP0BDPL",fr,2020-11-14 18:26:35,1,54,"[{'text': '30DayMapChallenge', 'indices': [3, 21]}]",1160963883860762624,Wendy Shijia,ShijiaWendy,,1118,667,http://pbs.twimg.com/tweet_video_thumb/EmzckqlUYAA2kb9.jpg,https://t.co/srQCDokQwJ
132,1327678392678838273,"#30DayMapChallenge 14:  Climate: 
#datavisceralization of water level in the Old Port of Montreal. 
1st image is a LiDAR model of present day. 
2nd image approximates the great flood of 1886, when water level raised by 1.2m. 
3rd:  2.5m rise, high-end estimate for 2100. https://t.co/uG2Z7UFAyR",en,2020-11-14 18:22:50,1,19,"[{'text': '30DayMapChallenge', 'indices': [0, 18]}, {'text': 'datavisceralization', 'indices': [34, 54]}]",2339659308,Tyler Sloan,quorumetrix,"Montr√©al, Qu√©bec",457,704,http://pbs.twimg.com/media/EmzSucyVQAE8Bza.jpg,https://t.co/uG2Z7UFAyR
133,1327677185029713922,"#30DayMapChallenge 

Day 15 Suggestion (November 15) - Climate Change

Data
https://t.co/vrvi6nd8NG https://t.co/VrZBxoyBYQ",en,2020-11-14 18:18:02,1,2,"[{'text': '30DayMapChallenge', 'indices': [0, 18]}]",3160198320,Dr Chris #GIS #Success,DrChrisGeoSci,"Calgary, Alberta",721,659,http://pbs.twimg.com/media/EmzbXSlXMAIpALv.png,https://t.co/vrvi6nd8NG
134,1327676422261977090,"9:00 pm
I apologize for posting so much today this is my last post today
#30DayMapChallenge https://t.co/l5mpElZQEP",en,2020-11-14 18:15:00,3,5,"[{'text': '30DayMapChallenge', 'indices': [73, 91]}]",600827679,ŸÖŸÄÿ≠ŸÖŸëÿØ,iMohamedlil,"ÿßŸÑÿ¥ÿ±ŸÇŸäÿ©, ÿßŸÑÿ≥ÿπŸàÿØŸäÿ© ",1227,405,http://pbs.twimg.com/media/EmzZiDdXIAQh9ng.jpg,https://t.co/l5mpElZQEP
135,1327676085157425152,"#30DayMapChallenge day 14 climate change.

Would any #dataviz hero know how to produce such a figure in #RStats or #Python? Shown are sections through the three ocean basins, organised around the Southern Ocean. Any ideas welcome! https://t.co/tVXGaa5JvK",en,2020-11-14 18:13:40,6,23,"[{'text': '30DayMapChallenge', 'indices': [0, 18]}, {'text': 'dataviz', 'indices': [53, 61]}, {'text': 'RStats', 'indices': [104, 111]}, {'text': 'Python', 'indices': [115, 122]}]",892089660154953728,Jens Daniel M√ºller,Jens_D_Mueller,"Zurich, Switzerland ",474,773,http://pbs.twimg.com/media/EmzaXQBXYAE9igN.jpg,https://t.co/tVXGaa5JvK
136,1327675879783280641,"#30DayMapChallenge 14. diena. Klimats. LubƒÅns. RotaƒºƒÅ≈°anƒÅs ar satelƒ´tdatiem. Zemes zaƒºƒÅs plau≈°as - me≈æs. SarkanƒÅ krƒÅsƒÅ - izcirtumi, zilƒÅ - vietas, kur me≈æu platƒ´bas palielinƒÅs. https://t.co/Zjr4RXRK12",lv,2020-11-14 18:12:51,2,7,"[{'text': '30DayMapChallenge', 'indices': [0, 18]}]",461965493,Kristƒ´ne,kriksine,,328,369,http://pbs.twimg.com/media/EmzYu0fXcAAZI-U.jpg,https://t.co/Zjr4RXRK12
137,1327674809631666176,Day 14's theme is climate change. Today I build on one of my previous maps. The ‚ùå's indicate lakes which are no longer around due to urbanization/changes in flows/ climate change (in a roundabout way). #30DayMapChallenge #Bangalore #Bengaluru #bloremapped #maps #rspatial https://t.co/HWRrghknW4 https://t.co/xKYDn62yj0,en,2020-11-14 18:08:36,3,10,"[{'text': '30DayMapChallenge', 'indices': [202, 220]}, {'text': 'Bangalore', 'indices': [221, 231]}, {'text': 'Bengaluru', 'indices': [232, 242]}, {'text': 'bloremapped', 'indices': [243, 255]}, {'text': 'maps', 'indices': [256, 261]}, {'text': 'rspatial', 'indices': [262, 271]}]",1222519447165886465,Anirudh,_anirudhgovind,India,137,1577,http://pbs.twimg.com/media/EmzZESUVoAAHeia.png,https://t.co/HWRrghknW4
138,1327674549593370627,"Jour 14 du #30DayMapChallenge - Climat change 

Quelles sont les cons√©quences du confinement sur le climat ? https://t.co/unzXLFEDWA",fr,2020-11-14 18:07:34,1,10,"[{'text': '30DayMapChallenge', 'indices': [11, 29]}]",3195365733,Justine Vignat,Junevgt,Paris ,763,249,http://pbs.twimg.com/media/EmzYRYXXIAAlBk3.jpg,https://t.co/unzXLFEDWA
139,1327673972356485120,"#30DayMapChallenge day 14 - Climate Change.

Currently, 6 % of London is at high risk (1 in 30-year event) of tidal, river or surface water flooding and 11 % at medium risk (1 in 100-year event)

Tools: R
Data: https://t.co/gp6o9GUKhA https://t.co/pY3S4botgJ",en,2020-11-14 18:05:16,0,7,"[{'text': '30DayMapChallenge', 'indices': [0, 18]}]",61612315,Nathanael Sheehan,MrNSheehan,"Falmouth, England",8922,599,http://pbs.twimg.com/media/EmzXM7jXcAAh8qA.jpg,https://t.co/gp6o9GUKhA
140,1327673847127166977,"The #30DayMapChallenge is ‚Äòclimate change‚Äô, happening fast now. The Isle of Arran shows previous changes: glacial valleys, erratics &amp; roads running along raised beaches. Other old stuff to enjoy includes Huttons unconformity, the Machrie standing stones, &amp; ‚Å¶@Arranwhisky‚Å© https://t.co/BI35x3xAuR",en,2020-11-14 18:04:46,1,2,"[{'text': '30DayMapChallenge', 'indices': [4, 22]}]",176337766,Danny Cullinane,timbertopper400,NW England,387,763,http://pbs.twimg.com/media/EmzYUMJXYAEft4A.jpg,https://t.co/BI35x3xAuR
141,1327671694186647553,"For the #30DayMapChallenge today, I plotted a bivariate choropleth of average annual precipitation and temperature per country. Created using #RStats https://t.co/ph7CF8TR3r",en,2020-11-14 17:56:13,3,7,"[{'text': '30DayMapChallenge', 'indices': [8, 26]}, {'text': 'RStats', 'indices': [142, 149]}]",46426450,Joshua Copping,JoshCopping,United Kingdom,97,167,http://pbs.twimg.com/media/EmzUMdzW4AAg4Kh.jpg,https://t.co/ph7CF8TR3r
142,1327670217804308481,"Ouragans de Cat. 5 en Atlantique classement selon la force du vent. Repartition non geographique selon leur ann√©e, pression et taille en fonction du nombre de morts.
Parmi 12 ouragans, 7 depuis 2005 (un bon mill√©sime), Day 14 : Climate change.
#30DayMapChallenge #handmademap https://t.co/v4jdWj1xIx",fr,2020-11-14 17:50:21,2,4,"[{'text': '30DayMapChallenge', 'indices': [244, 262]}, {'text': 'handmademap', 'indices': [263, 275]}]",442982795,odile,odile_p,France,125,183,http://pbs.twimg.com/media/EmzTUzKXMAEotBS.jpg,https://t.co/v4jdWj1xIx
143,1327666881612931084,"#30DayMapChallenge Day 14 - Climate

An update of last year's here which seems apt given the weather outside (play with sound on before Axl sues...). Made with #qgis
#NovemberRain #GnR https://t.co/xeUwJcua0c",en,2020-11-14 17:37:06,1,11,"[{'text': '30DayMapChallenge', 'indices': [0, 18]}, {'text': 'qgis', 'indices': [160, 165]}, {'text': 'NovemberRain', 'indices': [166, 179]}, {'text': 'GnR', 'indices': [180, 184]}]",309734801,Sam J,samwise_v,"London, UK",136,496,http://pbs.twimg.com/ext_tw_video_thumb/1327666491949453313/pu/img/aPXMaXcWfCYu_1KW.jpg,https://t.co/xeUwJcua0c
145,1327661555962556418,"√çndice municipal de medio ambiente
#30DayMapChallenge 2020
D√≠a 14: Cambio clim√°tico https://t.co/y6b3ryknBI",es,2020-11-14 17:15:56,2,2,"[{'text': '30DayMapChallenge', 'indices': [35, 53]}]",890753654822588417,Yaireth Ortiz,Yaireth_Ortiz,,11,348,http://pbs.twimg.com/media/EmzNJg8W4AcbY3e.jpg,https://t.co/y6b3ryknBI
146,1327659451285966857,"BTW, don't want to miss out on all of the great #30DayMapChallenge posts? Add it as a channel to @TweetDeck (https://t.co/6HUuhzCJBt) and you'll see great posts, like @jmccarty_geo's post from today! üßê#GISchat
https://t.co/TPpJJxfGUM https://t.co/1TC5Hv7TjL",en,2020-11-14 17:07:34,2,6,"[{'text': '30DayMapChallenge', 'indices': [48, 66]}, {'text': 'GISchat', 'indices': [201, 209]}]",731808469301493760,üáßüáø Belize GEO üõ∞Ô∏è,BZgeo,Belize,4222,3845,http://pbs.twimg.com/media/EmzKthvXEAMhcmq.jpg,https://t.co/6HUuhzCJBt)
147,1327658662282858496,"8:00 pm
#30DayMapChallenge #GIS https://t.co/Ge2FbEZnYq",und,2020-11-14 17:04:26,2,2,"[{'text': '30DayMapChallenge', 'indices': [8, 26]}, {'text': 'GIS', 'indices': [27, 31]}]",600827679,ŸÖŸÄÿ≠ŸÖŸëÿØ,iMohamedlil,"ÿßŸÑÿ¥ÿ±ŸÇŸäÿ©, ÿßŸÑÿ≥ÿπŸàÿØŸäÿ© ",1227,405,http://pbs.twimg.com/media/EmzKYcuXUAQpxUE.jpg,https://t.co/Ge2FbEZnYq
148,1327658228486901761,"#30DayMapChallenge 14th - climate change

This is the period of the Indian Summer https://t.co/5GEesQDpir
Here is the comparison of temperatures in the period from 1 to 13 November 2019 and 2020 in Trentino (Italy).
Amazing!

source: https://t.co/9yAlUjbObr https://t.co/2aAndHlAWh",en,2020-11-14 17:02:43,1,3,"[{'text': '30DayMapChallenge', 'indices': [0, 18]}]",5159271,Maurizio Napolitano,napo,"Trento, Italy, Europe",5050,1801,http://pbs.twimg.com/tweet_video_thumb/EmzHB7RXcAItO7_.jpg,https://t.co/5GEesQDpir
149,1327656558940000259,"Climate change, sea level, storm surge flood risk for the UK  #30DayMapChallenge Day 14 - Climate Change. QGIS - point data - raster height maps - PNG to #Aerialod https://t.co/AMZIVUARcB",en,2020-11-14 16:56:04,5,16,"[{'text': '30DayMapChallenge', 'indices': [62, 80]}, {'text': 'Aerialod', 'indices': [154, 163]}]",1318518242080661504,Christoph Er,dataisawesomeo,,11,108,http://pbs.twimg.com/media/EmzIl7NW8AMUe05.jpg,https://t.co/AMZIVUARcB
150,1327654569757843456,#30DayMapChallenge  Day 14: Climate Change: Annual oxygen production by trees in Glasgow city. https://t.co/OrquL054Jq,en,2020-11-14 16:48:10,1,9,"[{'text': '30DayMapChallenge', 'indices': [0, 18]}]",2679909391,Zlata Popelnuh,popelnuhh,,96,154,http://pbs.twimg.com/media/EmzGXCnXEAAWFxN.jpg,https://t.co/OrquL054Jq
151,1327653922270429184,A map experiment I‚Äôm working on. Times Square represented as a building up of taped layers. #30DayMapChallenge https://t.co/crsorJkQNJ,en,2020-11-14 16:45:36,1,7,"[{'text': '30DayMapChallenge', 'indices': [92, 110]}]",18257438,Andy Proehl,amproehl,San Francisco,711,2426,http://pbs.twimg.com/media/EmzGNJOUYAECL8h.jpg,https://t.co/crsorJkQNJ
152,1327653598357024768,"#30DayMapChallenge Dag 14 klimaatveranderingen.
#QGIS #maps #osgeo https://t.co/zovD3p7n0z",nl,2020-11-14 16:44:19,1,7,"[{'text': '30DayMapChallenge', 'indices': [0, 18]}, {'text': 'QGIS', 'indices': [48, 53]}, {'text': 'maps', 'indices': [54, 59]}, {'text': 'osgeo', 'indices': [60, 66]}]",1270037817750630404,Mari√´lle Geers-Plasmans,geojuffie,Steenbergen,60,58,http://pbs.twimg.com/media/EmzF52sW8AIqkrW.jpg,https://t.co/zovD3p7n0z
155,1327647924445122560,"#30DayMapChallenge I know it's cheating a bit as I did this for my day job, but here is an Arctic sea ice animation and bar chart going back to 1979, using @NOAA's brilliant data
#gistribe https://t.co/J0PUDGtBrF",en,2020-11-14 16:21:46,6,52,"[{'text': '30DayMapChallenge', 'indices': [0, 18]}, {'text': 'gistribe', 'indices': [179, 188]}]",40458914,Steven Bernard,sdbernard,London,7021,276,http://pbs.twimg.com/tweet_video_thumb/EmzAvhcXYAIIW7x.jpg,https://t.co/J0PUDGtBrF
156,1327646296589611010,"#30DayMapChallenge, day 14: #ClimateChange - #CMIP5-based scenarios of potential future changes in runoff + erosion in #Belize's major watersheds (and portions thereof in #Mexico + #Guatemala), per Cherrington et al. (2015). #BZSDG
https://t.co/UEXJlY9U0E
https://t.co/WCAlI7K2A5 https://t.co/8imN8ydMhn",en,2020-11-14 16:15:18,0,3,"[{'text': '30DayMapChallenge', 'indices': [0, 18]}, {'text': 'ClimateChange', 'indices': [28, 42]}, {'text': 'CMIP5', 'indices': [45, 51]}, {'text': 'Belize', 'indices': [119, 126]}, {'text': 'Mexico', 'indices': [171, 178]}, {'text': 'Guatemala', 'indices': [181, 191]}, {'text': 'BZSDG', 'indices': [225, 231]}]",731808469301493760,üáßüáø Belize GEO üõ∞Ô∏è,BZgeo,Belize,4222,3845,http://pbs.twimg.com/media/Emy9Fl_W4AE97bt.jpg,https://t.co/UEXJlY9U0E
157,1327644262234812416,#30DayMapChallenge late entry for #Day13 #Raster ... https://t.co/p84XIezi2V,en,2020-11-14 16:07:13,0,4,"[{'text': '30DayMapChallenge', 'indices': [0, 18]}, {'text': 'Day13', 'indices': [34, 40]}, {'text': 'Raster', 'indices': [41, 48]}]",1272146417323294721,Euan Mitchell,MindOverMagma,"Edinburgh, Scotland",36,100,http://pbs.twimg.com/media/Emy9a0tXMAAb1Ou.jpg,https://t.co/p84XIezi2V
158,1327643563480539138,"7:00 pm
#30DayMapChallenge https://t.co/EWDBgsX8wz",und,2020-11-14 16:04:26,2,2,"[{'text': '30DayMapChallenge', 'indices': [8, 26]}]",600827679,ŸÖŸÄÿ≠ŸÖŸëÿØ,iMohamedlil,"ÿßŸÑÿ¥ÿ±ŸÇŸäÿ©, ÿßŸÑÿ≥ÿπŸàÿØŸäÿ© ",1227,405,http://pbs.twimg.com/media/Emy8wqIW8AgA_SA.jpg,https://t.co/EWDBgsX8wz
159,1327642976156311554,"Happy #Diwali  üïØÔ∏èüïØÔ∏è
Day 14: Climate Change #30DayMapChallenge 

Made an animation of Sea-ice change of twenty years from North-pole using #noaa dataset. Tricky stereographic projection did not allow me to add a base map in #ggplot.
#RStats #rspatial #rgeomatic #r4ds https://t.co/Ao9jwzRAgF",en,2020-11-14 16:02:06,3,10,"[{'text': 'Diwali', 'indices': [6, 13]}, {'text': '30DayMapChallenge', 'indices': [43, 61]}, {'text': 'noaa', 'indices': [138, 143]}, {'text': 'ggplot', 'indices': [223, 230]}, {'text': 'RStats', 'indices': [232, 239]}, {'text': 'rspatial', 'indices': [240, 249]}, {'text': 'rgeomatic', 'indices': [250, 260]}, {'text': 'r4ds', 'indices': [261, 266]}]",28133471,Nilanjan Chatterjee,footloose_nil,"Dehradun, India",268,262,http://pbs.twimg.com/tweet_video_thumb/Emy6k4rWMAA2WPG.jpg,https://t.co/Ao9jwzRAgF
161,1327638278506487809,California wildfire perimeters 1951-2020 for climate change day of the #30DayMapChallenge. Yikes. https://t.co/8I0RDnPABG,en,2020-11-14 15:43:26,1,14,"[{'text': '30DayMapChallenge', 'indices': [71, 89]}]",14913762,vicky johnson-dahl,hurricanevicky,"Washington, DC",974,851,http://pbs.twimg.com/media/Emy30WRXIAAgtZ5.jpg,https://t.co/8I0RDnPABG
162,1327637178315382785,"#30DayMapChallenge 
Day 14: Climate Change

I contributed the demographic analysis for this @NatureComms paper exploring hydrology and future climate suitability for #malaria transmission. Led by @GeomorphMark et al., population data from @WorldPopProject

https://t.co/JKLXb7pCNX https://t.co/T5KlV9bAre",en,2020-11-14 15:39:04,1,4,"[{'text': '30DayMapChallenge', 'indices': [0, 18]}, {'text': 'malaria', 'indices': [166, 174]}]",1242400749864304640,William James,GeogWillJ,,48,139,http://pbs.twimg.com/media/EmyyMvLXMAAJ5vc.png,https://t.co/JKLXb7pCNX
163,1327635006794108930,"Day 14 - Climate Change

#30DayMapChallenge 

#ArcGISPro #Illustrator #Photoshop

#NewZealand like you have never seen before!

#Map #Mapping #Geospatial #Spatial https://t.co/f0EG8DRfnq",en,2020-11-14 15:30:26,2,20,"[{'text': '30DayMapChallenge', 'indices': [25, 43]}, {'text': 'ArcGISPro', 'indices': [46, 56]}, {'text': 'Illustrator', 'indices': [57, 69]}, {'text': 'Photoshop', 'indices': [70, 80]}, {'text': 'NewZealand', 'indices': [82, 93]}, {'text': 'Map', 'indices': [128, 132]}, {'text': 'Mapping', 'indices': [133, 141]}, {'text': 'Geospatial', 'indices': [142, 153]}, {'text': 'Spatial', 'indices': [154, 162]}]",3160198320,Dr Chris #GIS #Success,DrChrisGeoSci,"Calgary, Alberta",721,659,http://pbs.twimg.com/media/Emy1AGjXEAAeYTa.jpg,https://t.co/f0EG8DRfnq
164,1327633916770086915,"#30DayMapChallenge Day 14: Climate Change
Greenland‚Äôs coastal glaciers have begun to melt faster over the past decade, not just due to rising air temps, but also because of warming ocean temps (Sneak peak - I am honored to have this full map featured in the upcoming @NACIS_Atlas) https://t.co/QfFwxets6k",en,2020-11-14 15:26:06,30,165,"[{'text': '30DayMapChallenge', 'indices': [0, 18]}]",333524694,Christopher Pollard,CRVanPollard,"Philadelphia,PA",1021,1209,http://pbs.twimg.com/media/EmyvNZhW8AIgMXC.jpg,https://t.co/QfFwxets6k
165,1327633062637735936,"#30DayMapChallenge Day14: Climate change

This is more like weather than climate, but here is the last time there was even a dusting of snow in #Cambridgeshire #UK from the @CopernicusEU #Sentinel-2 archive. Will it ever snow again here? üôÑ

@BBCAmos @RobGMacfarlane @nadasurf https://t.co/3kAMHkouVq",en,2020-11-14 15:22:43,3,9,"[{'text': '30DayMapChallenge', 'indices': [0, 18]}, {'text': 'Cambridgeshire', 'indices': [144, 159]}, {'text': 'UK', 'indices': [160, 163]}, {'text': 'Sentinel', 'indices': [187, 196]}]",145683389,Geoff Smith,DrGeoffSmith,"Cambridge, UK",842,468,http://pbs.twimg.com/media/EmyyZvqXYAAKPyw.jpg,https://t.co/3kAMHkouVq
166,1327631642060595200,"#30DayMapChallenge  Climate Small Multiple - I definitely stole the idea of using small multiple maps instead of stripes (but can't remember who from). If you want to create your own climate stripes then the maps linked here can help -  
https://t.co/lENVY9xWxO https://t.co/5iJ2XEvRUR",en,2020-11-14 15:17:04,1,7,"[{'text': '30DayMapChallenge', 'indices': [0, 18]}]",17174685,gmapsmania,gmapsmania,,17733,15,http://pbs.twimg.com/media/EmyxrBBW4AAec9A.jpg,https://t.co/lENVY9xWxO
167,1327631320470614022,"#30DayMapChallenge
Python based geographic information visualization
Map 14: Climate change

This map shows the temperature changes in the Guangdong-Hong Kong-Macao Greater Bay Area in China in January

Data source: China Administration
Mapping software: @matplotlib @geopandas https://t.co/GgyDM9Jqx8",en,2020-11-14 15:15:47,6,13,"[{'text': '30DayMapChallenge', 'indices': [0, 18]}]",798151553009860609,Scott,CaptainWenwei,,6,114,http://pbs.twimg.com/tweet_video_thumb/EmyxnfqVoAEtIZI.jpg,https://t.co/GgyDM9Jqx8
168,1327628314803101697,"6:00 pm
#30DayMapChallenge https://t.co/ogxdKEdBPE",und,2020-11-14 15:03:51,3,4,"[{'text': '30DayMapChallenge', 'indices': [8, 26]}]",600827679,ŸÖŸÄÿ≠ŸÖŸëÿØ,iMohamedlil,"ÿßŸÑÿ¥ÿ±ŸÇŸäÿ©, ÿßŸÑÿ≥ÿπŸàÿØŸäÿ© ",1227,405,http://pbs.twimg.com/media/Emyu425WEAMvWuW.jpg,https://t.co/ogxdKEdBPE
169,1327627427963678720,Day 14 of the #30DayMapChallenge and today's theme is Climate Change. So I present to you total carbon dioxide emissions by area in the UK. Contains data from the National Atmospheric Emissions Inventory. https://t.co/oLgy9IazZP,en,2020-11-14 15:00:19,7,59,"[{'text': '30DayMapChallenge', 'indices': [14, 32]}]",798523409286266880,Dan Harris,DiasporaDan,"Nethy Bridge, Scotland",931,1522,http://pbs.twimg.com/media/EmytlkBXcAAqFW_.jpg,https://t.co/oLgy9IazZP
170,1327626923783180294,"#30DayMapChallenge - 14 Climate change

Ice surfaces lost in glaciers since 1850, Valais, Switzerland https://t.co/1zV02yxveQ",fr,2020-11-14 14:58:19,1,4,"[{'text': '30DayMapChallenge', 'indices': [0, 18]}]",1320623996249976832,Rapha√´l Bz,1cartogRaph,Switzerland,15,2,http://pbs.twimg.com/media/EmytiSUXUAIYIiR.jpg,https://t.co/1zV02yxveQ
171,1327626048968798210,"Tyrannosaurus Rex occurances in North America ü¶ñ data from @PaleoDB 

This totally relates to today's theme of Climate Change it just happens to be very old climate change! 

#30DayMapChallenge #Day14 #Climatechange #QGIS https://t.co/LoZkwch2tm",en,2020-11-14 14:54:50,9,32,"[{'text': '30DayMapChallenge', 'indices': [174, 192]}, {'text': 'Day14', 'indices': [193, 199]}, {'text': 'Climatechange', 'indices': [200, 214]}, {'text': 'QGIS', 'indices': [215, 220]}]",1101617286,Helen McKenzie,helenmakesmaps,London,1449,573,http://pbs.twimg.com/media/EmyszRjXIAEABhd.jpg,https://t.co/LoZkwch2tm
172,1327624075133390849,"Day 14 of the #30DayMapChallenge and today's theme is ""Climate Change"". Here's a map (made with PRISM data) of US average annual temperatures, 1981-2019 -- you can see how much warmer the country has gotten just in the last 40 years. 
#rstats code: https://t.co/3wVmtZxuU2 https://t.co/BjnW2PeiNC",en,2020-11-14 14:47:00,3,4,"[{'text': '30DayMapChallenge', 'indices': [14, 32]}, {'text': 'rstats', 'indices': [235, 242]}]",942194832491122688,Mike Mahoney,MikeMahoney218,"Syracuse, NY",442,305,http://pbs.twimg.com/tweet_video_thumb/EltASYKXYAAlVbB.jpg,https://t.co/3wVmtZxuU2
173,1327622474641649664,"#30DayMapChallenge Day 14: Climate change

One of the most important things we have to take care of with the changing climate is our biodiversity and pollinators - so I made this map of Ireland's bees using data from Biodiversity Ireland üêù https://t.co/2oZCZbAwso",en,2020-11-14 14:40:38,2,9,"[{'text': '30DayMapChallenge', 'indices': [0, 18]}]",437801734,Antonia Blankenberg,MapsByAntonia,"Dublin City, Ireland",231,458,http://pbs.twimg.com/media/Emypj0-WEAApUVE.jpg,https://t.co/2oZCZbAwso
174,1327620882949230592,"#30DayMapChallenge Day 14 - Climate Change

I think the northern expansion of agriculture is going to be one of Canada's biggest 21st-century challenges.

Did you know it's already here and we don't have any real plan for it? https://t.co/nb1YeVls5P",en,2020-11-14 14:34:19,2,13,"[{'text': '30DayMapChallenge', 'indices': [0, 18]}]",851149914725916672,ksituan northland,ksituan,Val Marie / Treaty 4,1197,157,http://pbs.twimg.com/media/EmxN_hVVEAMZ9SA.jpg,https://t.co/nb1YeVls5P
175,1327618684584595461,"#30DayMapChallenge - Day 14: Climate change

Choose your own adventure, Mediterranean burned area at +1.5,2,3 ¬∞C
#climate #mapsforadobe #wildfires https://t.co/EAr7KwkZdA",en,2020-11-14 14:25:35,9,30,"[{'text': '30DayMapChallenge', 'indices': [0, 18]}, {'text': 'climate', 'indices': [113, 121]}, {'text': 'mapsforadobe', 'indices': [122, 135]}, {'text': 'wildfires', 'indices': [136, 146]}]",60300190,Greg Fiske,g_fiske,Woods Hole,2950,1364,http://pbs.twimg.com/tweet_video_thumb/Emyl6c7W8AEsPgr.jpg,https://t.co/EAr7KwkZdA
176,1327618362688598018,"#30DayMapChallenge #Day14 Bivariate map on #ClimateChange - Number of passenger cars in combination with population density - contribution from my colleague @mgiannopoulos - Vis: https://t.co/9un2ibVwbU 
-Data: @EU_Eurostat tran_r_vehst + demo_r_d3dens
 #GISCO -16days2go https://t.co/KYG01RpJog",en,2020-11-14 14:24:18,2,10,"[{'text': '30DayMapChallenge', 'indices': [0, 18]}, {'text': 'Day14', 'indices': [19, 25]}, {'text': 'ClimateChange', 'indices': [43, 57]}, {'text': 'GISCO', 'indices': [254, 260]}]",2574612668,hannes reuter,hireuter,,208,422,http://pbs.twimg.com/media/EmylLhUXMAA68JL.jpg,https://t.co/9un2ibVwbU
177,1327618222154153985,"#30DayMapChallenge Day 14 - Climate Change

Short animation showing the submerged land when seawater rises from 0 to 5m above current sea level in Victoria Harbour, Hong Kong. Rendered with #rayshader 

#Rspatial https://t.co/ETYwYUf3iw",en,2020-11-14 14:23:44,6,41,"[{'text': '30DayMapChallenge', 'indices': [0, 18]}, {'text': 'rayshader', 'indices': [190, 200]}, {'text': 'Rspatial', 'indices': [203, 212]}]",985921631439568896,Kenneth Wong,Kenneth_KHW,Hong Kong,49,133,http://pbs.twimg.com/ext_tw_video_thumb/1327618198858919938/pu/img/xnJUHcEbeg94ojgT.jpg,https://t.co/ETYwYUf3iw
178,1327614763883507716,"So #30DayMapChallenge Day 14: climate change. Seems like a good time to note that leading Senate climate-denier James Inhofe got reelected in Oklahoma this year. Via https://t.co/CR3CIYcBW2, here's what OK looked like the week of the article below.

https://t.co/6R6EtQOipx https://t.co/suL3ih6EP0",en,2020-11-14 14:10:00,1,2,"[{'text': '30DayMapChallenge', 'indices': [3, 21]}]",222228205,Mike Dolbow,mmdolbow,"St. Paul, MN",1286,100,http://pbs.twimg.com/media/EmtacI6WMAMVaj1.jpg,"https://t.co/CR3CIYcBW2,"
179,1327614361599356929,"#30DayMapChallenge Day 14: #climatechange
schematic ms. map from 1808 showing a proposal for communication in times of #driftice &amp; #hightide. Couriers on horseback should spread the news between the indicated places along the main rivers.
@ubleiden #CLBrunings #BodelNijenhuis https://t.co/iUcyNOaLZ2",en,2020-11-14 14:08:24,1,8,"[{'text': '30DayMapChallenge', 'indices': [0, 18]}, {'text': 'climatechange', 'indices': [27, 41]}, {'text': 'driftice', 'indices': [119, 128]}, {'text': 'hightide', 'indices': [135, 144]}, {'text': 'CLBrunings', 'indices': [253, 264]}, {'text': 'BodelNijenhuis', 'indices': [265, 280]}]",889150492751925250,Martijn Storms,MapStorms,,864,375,http://pbs.twimg.com/media/EmyiN31XcAEkGKM.jpg,https://t.co/iUcyNOaLZ2
180,1327613483379281923,"5:00 pm 
#30DayMapChallenge https://t.co/OEOlwkNte9",und,2020-11-14 14:04:54,2,3,"[{'text': '30DayMapChallenge', 'indices': [9, 27]}]",600827679,ŸÖŸÄÿ≠ŸÖŸëÿØ,iMohamedlil,"ÿßŸÑÿ¥ÿ±ŸÇŸäÿ©, ÿßŸÑÿ≥ÿπŸàÿØŸäÿ© ",1227,405,http://pbs.twimg.com/media/EmyhK7EWEAA8CaV.jpg,https://t.co/OEOlwkNte9
181,1327613016712519686,"#30DayMapChallenge
Map 14: Climate Change

One of the glacial lakes in Sikkim, Lhonak has been expanding since 1960s. So far, lake has grown by 2 Kms as detected by multiple satellite images. 
#Viz shows 3D view as in GoogleEarth. Inset shows glacial lake in old satellite image https://t.co/fBhxcat8ZO",en,2020-11-14 14:03:03,13,99,"[{'text': '30DayMapChallenge', 'indices': [0, 18]}, {'text': 'Viz', 'indices': [193, 197]}]",272936200,Raj Bhagat P #Mapper4Life,rajbhagatt,"Nagercoil, Tamil Nadu",17255,1702,http://pbs.twimg.com/media/EmygfbDVEAAZm59.jpg,https://t.co/fBhxcat8ZO
182,1327612842812481536,"#30DayMapChallenge Day 14: Climate Change

#gis #geography #geographyteacher #cartography #maps #map #mapping #Landsat #USGS #RemoteSensing #Science https://t.co/ha6IvEV5kE",en,2020-11-14 14:02:22,0,1,"[{'text': '30DayMapChallenge', 'indices': [0, 18]}, {'text': 'gis', 'indices': [43, 47]}, {'text': 'geography', 'indices': [48, 58]}, {'text': 'geographyteacher', 'indices': [59, 76]}, {'text': 'cartography', 'indices': [77, 89]}, {'text': 'maps', 'indices': [90, 95]}, {'text': 'map', 'indices': [96, 100]}, {'text': 'mapping', 'indices': [101, 109]}, {'text': 'Landsat', 'indices': [110, 118]}, {'text': 'USGS', 'indices': [119, 124]}, {'text': 'RemoteSensing', 'indices': [125, 139]}, {'text': 'Science', 'indices': [140, 148]}]",1137139989744144390,MyPhysicalWorld,my_physical,,42,64,http://pbs.twimg.com/media/Emyg1_xVEAEUYa6.jpg,https://t.co/ha6IvEV5kE
184,1327608278466093058,"#30DayMapChallenge - Day 14 - Climate change

Carbon Dioxide traps solar radiation at ground level which prevents the Earth from cooling at night, resulting in warming of ocean waters and rise in ocean level. 

Data from @OurWorldInData and @Worldometers 
Created using Excel. https://t.co/InYvfgP0hW",en,2020-11-14 13:44:14,1,5,"[{'text': '30DayMapChallenge', 'indices': [0, 18]}]",867502710131752960,Vivek Parashar,vivekparasharr,,13,23,http://pbs.twimg.com/media/EmycsGMXcAA6Aqk.jpg,https://t.co/InYvfgP0hW
185,1327604676309770242,"#30DayMapChallenge Day 14: #ClimateChange 

Algal bloom in the deep, cold waters of Lake Superior. True color MODIS Terra imagery from https://t.co/5B4cqwHVmx.

Lake Superior has warmed ~ 5¬∞ F or 2.75¬∞-3¬∞ C since the 1980s. Add more rainfall + land use-driven runoff = HABs. https://t.co/zMo5JrEAbt",en,2020-11-14 13:29:55,5,5,"[{'text': '30DayMapChallenge', 'indices': [0, 18]}, {'text': 'ClimateChange', 'indices': [27, 41]}]",65064975,Jessica McCarty,jmccarty_geo,Myaamia land & The World,2682,4026,http://pbs.twimg.com/media/EmyZaljXIAEd6xN.jpg,https://t.co/5B4cqwHVmx.
186,1327602432625364994,"#30DayMapChallenge Day 14 - Climate Change

Floods in northern Spain (Jan-2019) (Data: @NASAEarth MODIS) https://t.co/3OGyHlUNNa",en,2020-11-14 13:21:00,1,3,"[{'text': '30DayMapChallenge', 'indices': [0, 18]}]",62926974,Tomasral,tomasral,Asturies,84,430,http://pbs.twimg.com/media/EmuubVqW8AEYCwk.jpg,https://t.co/3OGyHlUNNa
187,1327599177510084608,Day 14 #30DayMapChallenge with @OrdnanceSurvey #climatechange - surface water flood modelling in Leicester for Local Action Project. Maps show results of a 100-year rainfall event (left) and the EA Surface Water Flood Zones right as a comparison #mapping @EnvAgencySW https://t.co/N29qQmfMin,en,2020-11-14 13:08:04,2,5,"[{'text': '30DayMapChallenge', 'indices': [7, 25]}, {'text': 'climatechange', 'indices': [47, 61]}, {'text': 'mapping', 'indices': [246, 254]}]",454007980,Westcountry Rivers Trust,WestcountryRT,Cornwall.Devon.Dorset.Somerset,4573,3612,http://pbs.twimg.com/media/EmyUai6W4AE06Fg.jpg,https://t.co/N29qQmfMin
188,1327598680669642755,"My participation today is renewed. I will set the instantaneous temperature in Saudi cities today from 3:30 in the afternoon to 9:30 at night to see the temperature change in Saudi Arabia

3:00 PM
#30DayMapChallenge #SaudiArabia https://t.co/OMmTwawJZ4",en,2020-11-14 13:06:05,3,13,"[{'text': '30DayMapChallenge', 'indices': [197, 215]}, {'text': 'SaudiArabia', 'indices': [216, 228]}]",600827679,ŸÖŸÄÿ≠ŸÖŸëÿØ,iMohamedlil,"ÿßŸÑÿ¥ÿ±ŸÇŸäÿ©, ÿßŸÑÿ≥ÿπŸàÿØŸäÿ© ",1227,405,http://pbs.twimg.com/media/EmyT66RW8AYYH7n.jpg,https://t.co/OMmTwawJZ4
189,1327598482513866752,"#30DayMapChallenge - Day 14 - Climate Change

Looking at precipitation data we can see that annual precipitation has changed a lot during the last 10 years compared to the 30 years before.

Created with R. https://t.co/enUAyV4XdU",en,2020-11-14 13:05:18,3,11,"[{'text': '30DayMapChallenge', 'indices': [0, 18]}]",733390000809730049,Richard Vogg,richard_vogg,Deutschland,76,156,http://pbs.twimg.com/media/EmyTXYfW4AE_8OQ.png,https://t.co/enUAyV4XdU
190,1327596189026574336,"Resisting an urge to do a flooding gif, homebrewed a simplistic vector DEM in PostGIS and calculated how much the sea would have to rise to flood 5, 25, 50, 75 or 95% of Estonian residential buildings. 

Data: Estonian Land Board. 

#30DayMapChallenge for Day 14 - Climate Change https://t.co/vTf0MIzy1y",en,2020-11-14 12:56:11,1,14,"[{'text': '30DayMapChallenge', 'indices': [233, 251]}]",2629383321,T√µnis K√§rdi,tkardi,"Tartu, Estonia",210,238,http://pbs.twimg.com/media/EmyQpdgXEAEe-wt.jpg,https://t.co/vTf0MIzy1y
191,1327595637668503554,"@pinakographos @ftdata @qgis @postgis @pwramsey Day 14: Climate change

A look at the flood high-water marks from Hurricane Irene (2011) is a good way to grasp that even landlocked, mountainous regions are at risk from climate change. 

https://t.co/WB1Etn2FfF

#30DayMapChallenge https://t.co/v5UAvrdZO2",en,2020-11-14 12:54:00,1,7,"[{'text': '30DayMapChallenge', 'indices': [262, 280]}]",278873782,Map/,vtcraghead,"Burlington, VT",3651,860,http://pbs.twimg.com/media/EmwK8pGXUAMOcqy.jpg,https://t.co/WB1Etn2FfF
192,1327591832256016385,"Day14: Climate change
SDG Goal 13 Climate action
#30DayMapChallenge
#SDGs
Coral reef scientists predict that bleaching events will be more frequent, more widespread, and more severe.https://t.co/H5Eof4JbGy 
Learned from https://t.co/JFH2QIeCUb https://t.co/sR55t2sISC",en,2020-11-14 12:38:52,1,7,"[{'text': '30DayMapChallenge', 'indices': [49, 67]}, {'text': 'SDGs', 'indices': [68, 73]}]",187171010,I.K.D,IKEDA_02,"Brisbane, Queensland üá¶üá∫üáØüáµ",104,476,http://pbs.twimg.com/media/EmyNheMVkAM9V4N.jpg,https://t.co/H5Eof4JbGy
193,1327589659531223042,"#30DayMapChallenge since December is in 2weeks in shaa Allah. And in most places the weather is usually cold. Let's see extremely cold regions of the world as well as extremely Hot regions. I can't imagine how it is in Russia, Canada, Australia and some parts of West Africa. https://t.co/NxR4heIvGM",en,2020-11-14 12:30:14,1,3,"[{'text': '30DayMapChallenge', 'indices': [0, 18]}]",374459093,Jannah_A,zinnie__A,"Kaduna, Nigeria.",205,230,http://pbs.twimg.com/media/EmyLv5rXEAEe2oQ.jpg,https://t.co/NxR4heIvGM
194,1327589394056941569,Deuxi√®me √©dition du d√©fi cartographique #30DayMapChallenge Une s√©lection de productions cartographiques r√©alis√©es pour l'√©dition de novembre 2020. Ce recensement non exhaustif est compl√©t√© au fur et √† mesure des th√®mes propos√©s chaque jour. https://t.co/aLaD4DSf6h https://t.co/ib4v27pODr,fr,2020-11-14 12:29:11,1,6,"[{'text': '30DayMapChallenge', 'indices': [40, 58]}]",715056173268000773,Sylvain Genevois,mirbole01,"Saint-Denis, La R√©union",1682,196,http://pbs.twimg.com/media/EmyKl2yXcAM7kaH.jpg,https://t.co/aLaD4DSf6h
195,1327587595115704320,"Day 14 #30DayMapChallenge Climate Change

Sea Ice Concentration around Antarctica 2007-2017

#Quantarctic #QGIS https://t.co/Gu4i7s1y7B",en,2020-11-14 12:22:02,1,20,"[{'text': '30DayMapChallenge', 'indices': [7, 25]}, {'text': 'Quantarctic', 'indices': [93, 105]}, {'text': 'QGIS', 'indices': [106, 111]}]",223959960,Kirsten Reilly,_penguin_runner,"Stirling, Scotland",366,1211,http://pbs.twimg.com/tweet_video_thumb/EmyJtILWMAA8exV.jpg,https://t.co/Gu4i7s1y7B
196,1327586636260139010,"#30DayMapChallenge: Deviation of the monthly mean temperature from the monthly mean temperature for the period 1980-2010 on the 10 ha forest research plot in Uholka. 
Data from #CHELSA climate (https://t.co/6No0d2Y4cJ). 
Made with #Rstats and #rspatial https://t.co/wd2iKRzUyv",en,2020-11-14 12:18:14,3,2,"[{'text': '30DayMapChallenge', 'indices': [0, 18]}, {'text': 'CHELSA', 'indices': [177, 184]}, {'text': 'Rstats', 'indices': [231, 238]}, {'text': 'rspatial', 'indices': [243, 252]}]",993008496152064001,Jonas Stillhard,JonasStillhard,,109,243,http://pbs.twimg.com/media/EmyIJNGXcAAsUBl.png,https://t.co/6No0d2Y4cJ).
197,1327586554345349120,"Day 14- #30DayMapChallenge
Theme: Climate Change. 

Climate change detrimentally impacts corals, causing bleaching, growth reduction and destruction. @IUCN data shows the current global distribution of reef-forming corals. It will be interesting to see future distributions. https://t.co/Wi4QpvqSC8",en,2020-11-14 12:17:54,1,7,"[{'text': '30DayMapChallenge', 'indices': [8, 26]}]",2149588681,Claire Powell,Pow__C,,86,295,http://pbs.twimg.com/media/EmyI7zAXcAMDVeH.jpg,https://t.co/Wi4QpvqSC8
198,1327586405732605952,"Day 14- #30DayMapChallenge
Theme: Climate Change. 

Climate change detrimentally impacts corals, causing bleaching, growth reduction and destruction. @IUCN data shows the current global distribution of reef-forming corals. It will be interesting to see future distributions. https://t.co/lzVOjcUjkH",en,2020-11-14 12:17:19,1,1,"[{'text': '30DayMapChallenge', 'indices': [8, 26]}]",2149588681,Claire Powell,Pow__C,,86,295,http://pbs.twimg.com/media/EmyIzK4XYAEDgPw.jpg,https://t.co/lzVOjcUjkH
199,1327586063829839872,#30DayMapChallenge day 10 #Grids - comparison of parent-child spatial relationship of 4 different global grid systems #DGGS #UberH3 #rHEALPixDGGS #DGGRID #hexagons #triangles #squares https://t.co/YRwgVsraB2,en,2020-11-14 12:15:57,0,11,"[{'text': '30DayMapChallenge', 'indices': [0, 18]}, {'text': 'Grids', 'indices': [26, 32]}, {'text': 'DGGS', 'indices': [118, 123]}, {'text': 'UberH3', 'indices': [124, 131]}, {'text': 'rHEALPixDGGS', 'indices': [132, 145]}, {'text': 'DGGRID', 'indices': [146, 153]}, {'text': 'hexagons', 'indices': [154, 163]}, {'text': 'triangles', 'indices': [164, 174]}, {'text': 'squares', 'indices': [175, 183]}]",409168655,Alexander Kmoch,allixender,"Tartu, Eesti",244,211,http://pbs.twimg.com/media/EmyGsN5WEAUjj0L.jpg,https://t.co/YRwgVsraB2
200,1327585676901101570,"#30DayMapChallenge Day 12 Climate Change
Shrinking Arctic Sea Ice: Are Arctic Sea Routes opening up?
While there are lots of excellent animations etc. out there, ice shrank enough that a static map shows old extents peeking out underneath new extents (same goes for winter maxima) https://t.co/l300yoXF02",en,2020-11-14 12:14:25,1,2,"[{'text': '30DayMapChallenge', 'indices': [0, 18]}]",25663399,Andrew Zolnai,azolnai,"Cambridge, UK",703,980,http://pbs.twimg.com/media/EmyIIVwXMAE1C8r.jpg,https://t.co/l300yoXF02
201,1327584624323780608,"Day 14 #30DayMapChallenge 
Estimating Dublin City Solar Potential 
The average house-hold in Ireland uses 4.2MWh of electricity a year, while the mean usable solar energy generated in Dublin is 19.71MWh. 
Examine the data for yourself.
https://t.co/8coxsiKSpA 
@SEAI_ie https://t.co/VkwV7bQVoS",en,2020-11-14 12:10:14,2,20,"[{'text': '30DayMapChallenge', 'indices': [7, 25]}]",457462538,jack ffrench,jackffrench,,213,146,http://pbs.twimg.com/media/EmyG8s-XIAIw7dj.jpg,https://t.co/8coxsiKSpA
204,1327581653099835392,"DAY14 #30DayMapChallenge üôå For today's theme 'Climate Change', Cait Robinson (@CaitHRobin) has mapped #energypoverty across Europe, an issue that must be addressed as part of equitable low carbon transitions. The maps are based on data from @EPOV_EU üî• https://t.co/0TGZjWknei https://t.co/hYcOcYaKgk",en,2020-11-14 11:58:26,5,15,"[{'text': '30DayMapChallenge', 'indices': [6, 24]}, {'text': 'energypoverty', 'indices': [102, 116]}]",2280343142,GeoDataScience,geodatascience,Liverpool,3625,1725,http://pbs.twimg.com/media/EmyEbh8XIAEroyK.jpg,https://t.co/0TGZjWknei
205,1327580736845717507,"Day 14 - Climate Change
#30DayMapChallenge 
Location - Fish Lake, Doncaster, UK
Data - #Sentinel1 @ESA_EO  #OSM
Tools - #EarthEngine #geemap #jupyter
Description - The flooding of Fish Lake 1 year ago almost to the day
#GIS #gischat #QGIS https://t.co/e0lwOHjumy",en,2020-11-14 11:54:47,7,30,"[{'text': '30DayMapChallenge', 'indices': [24, 42]}, {'text': 'Sentinel1', 'indices': [87, 97]}, {'text': 'OSM', 'indices': [107, 111]}, {'text': 'EarthEngine', 'indices': [120, 132]}, {'text': 'geemap', 'indices': [133, 140]}, {'text': 'jupyter', 'indices': [141, 149]}, {'text': 'GIS', 'indices': [219, 223]}, {'text': 'gischat', 'indices': [224, 232]}, {'text': 'QGIS', 'indices': [233, 238]}]",52190652,Oliver Burdekin,burdGIS,"Wakefield, England",1378,2928,http://pbs.twimg.com/tweet_video_thumb/EmyDmagWEAUWI6L.jpg,https://t.co/e0lwOHjumy
206,1327579099590774784,"My son has helped me to turn #30DayMapChallenge to his anticipated Saturday lessons. #RemoteParenting

Continued last week's flow of globe and map drawing, and added pianos game this week. https://t.co/WyS0YM73mh",en,2020-11-14 11:48:17,1,0,"[{'text': '30DayMapChallenge', 'indices': [29, 47]}, {'text': 'RemoteParenting', 'indices': [85, 101]}]",2686735688,Yu(Steven) ZHANG Âº†ÂÆá,steven4320555,"England, United Kingdom",880,728,http://pbs.twimg.com/media/EmyCJiVWMAACjzX.jpg,https://t.co/WyS0YM73mh
207,1327575824015437824,"#30DayMapChallenge 2020: #rspatial edition 

Day 13: Raster - one of the most universal spatial data model.

You can find them all at https://t.co/QySrEdiAFX.

#rstats #cartography https://t.co/c0BkTBFDta",en,2020-11-14 11:35:16,11,33,"[{'text': '30DayMapChallenge', 'indices': [0, 18]}, {'text': 'rspatial', 'indices': [25, 34]}, {'text': 'rstats', 'indices': [160, 167]}, {'text': 'cartography', 'indices': [168, 180]}]",2810559039,Jakub Nowosad,jakub_nowosad,,3876,217,http://pbs.twimg.com/media/Emx-1fTXUAEkfZu.png,https://t.co/QySrEdiAFX.
208,1327574571336261632,"Day 14's #30DayMapChallenge theme? Climate change. Alongside their satellite imagery, @4_intelligence uses our data in their Heat Hazard Index to help emergency responders identify those at risküëá
https://t.co/bDFUqnwWwW https://t.co/bJDweeHWTs",en,2020-11-14 11:30:17,1,8,"[{'text': '30DayMapChallenge', 'indices': [9, 27]}]",22614266,Ordnance Survey,OrdnanceSurvey,"Southampton, UK",60528,3731,http://pbs.twimg.com/media/Emx-CZRW8AAdr1r.png,https://t.co/bDFUqnwWwW
210,1327571499398688769,#30DayMapChallenge Day14 is climate change. A short animation I created for my child‚Äôs class project when they were learning about tsunamis and sea level rise. It is very exaggerated but the kids loved it! #NAFCResearch #ThinkUHI #GIS #futuregenerations #scienceengagement https://t.co/7XMlpIBXcy,en,2020-11-14 11:18:05,1,1,"[{'text': '30DayMapChallenge', 'indices': [0, 18]}, {'text': 'NAFCResearch', 'indices': [206, 219]}, {'text': 'ThinkUHI', 'indices': [220, 229]}, {'text': 'GIS', 'indices': [230, 234]}, {'text': 'futuregenerations', 'indices': [235, 253]}, {'text': 'scienceengagement', 'indices': [254, 272]}]",1106525318553182209,Richard Shelmerdine,RLShelmerdine,"Scotland, United Kingdom",76,118,http://pbs.twimg.com/ext_tw_video_thumb/1327571362492387328/pu/img/W-I-xowBk9_GCEGY.jpg,https://t.co/7XMlpIBXcy
211,1327570814821076995,"#30DayMapChallenge 

14 - Cambio clim√°tico. Anomal√≠as de temperatura media en el a√±o 2019.

14 - Climate change. Mean temperature anomalies in 2019. https://t.co/3wxYf3awnk",es,2020-11-14 11:15:21,5,7,"[{'text': '30DayMapChallenge', 'indices': [0, 18]}]",769592708,Valent√≠n Sastre,valen_ibiza,IBIZA / Barcelona,325,868,http://pbs.twimg.com/media/Emx6hVzXMAAtkrG.jpg,https://t.co/3wxYf3awnk
212,1327570734110093312,"Day 14 du #30DayMapChallenge. 
Changement climatique / climate change
J'ai fait mes devoirs pour mon expos√© de lundi ! ü§ì
Sein, une √Æle ch√®re √† mon c≈ìur. Merveilleux petit bout du monde bien trop sensible aux changements en cours. https://t.co/kyfedSJJzi",fr,2020-11-14 11:15:02,2,9,"[{'text': '30DayMapChallenge', 'indices': [10, 28]}]",1026155967480844291,Anne L.,AlandcoC,Versailles ,772,773,http://pbs.twimg.com/media/Emx6i9yXUAAIEWP.jpg,https://t.co/kyfedSJJzi
213,1327570352063598594,"#30DayMapChallenge Day 11. Climate Change

Annual anomalies of insolation for the Iberian Peninsula between 1983 and 2019. 

#dataviz #rspatial #rstats https://t.co/UeQ5X9vh90",en,2020-11-14 11:13:31,10,54,"[{'text': '30DayMapChallenge', 'indices': [0, 18]}, {'text': 'dataviz', 'indices': [125, 133]}, {'text': 'rspatial', 'indices': [134, 143]}, {'text': 'rstats', 'indices': [144, 151]}]",895213223724666880,Dominic Roy√©,dr_xeo,"Santiago de Compostela, Espa√±a",2437,995,http://pbs.twimg.com/media/Emx53KSWEAAR8eT.jpg,https://t.co/UeQ5X9vh90
214,1327567395540578304,"Day 13 (Raster) Top favourited tweets #30DayMapChallenge 
https://t.co/qPaklnnzCe https://t.co/qBFM3XNETk",en,2020-11-14 11:01:46,1,8,"[{'text': '30DayMapChallenge', 'indices': [38, 56]}]",528087151,Haifeng Niu,niu_haifeng,"Cambridge, England",35,403,http://pbs.twimg.com/media/Emx3Wp-WEAIKPi_.png,https://t.co/qPaklnnzCe
215,1327566953611997185,"#30DayMapChallenge Day 14 - Climate change  
Andorra is the country in the world with the most meteorological stations per area and inhabitant. The study of climate change and meteorological monitoring are its main uses - Estacions meteo #Andorra
@MeteoAnd_OECC @CenmaIEA üá¶üá©‚ùÑÔ∏è https://t.co/JOonK0R6eF",en,2020-11-14 11:00:01,5,25,"[{'text': '30DayMapChallenge', 'indices': [0, 18]}, {'text': 'Andorra', 'indices': [238, 246]}]",2342154006,√Ärea de cartografia,areacartografia,Govern d'Andorra,324,700,http://pbs.twimg.com/media/EmuUQYNXYAMePn-.jpg,https://t.co/JOonK0R6eF
217,1327563940323274752,"#30DayMapChallenge #day14 : Climate Change.
L'eau est l'un des enjeux les plus importants (et visible) du changement climatique. 

[ENG] Water is one of the most important (and visible) issues of climate change. https://t.co/ZkEsZTjxEU",fr,2020-11-14 10:48:02,1,4,"[{'text': '30DayMapChallenge', 'indices': [0, 18]}, {'text': 'day14', 'indices': [19, 25]}]",163493843,maelle am,MaelleAMM,Paris,204,388,http://pbs.twimg.com/media/EmxyxWgW4AEczaH.jpg,https://t.co/ZkEsZTjxEU
220,1327561927443222530,#30DayMapChallenge day 14: climate change. Glacial maximum sea level around British Isles and parts of NW Europe. Shoreline from Uni Koeln; basemap ESRI; current land from Natural Earth. @tjukanov #qgis #geographyteacher https://t.co/v1Q0OqDPpH,en,2020-11-14 10:40:03,1,7,"[{'text': '30DayMapChallenge', 'indices': [0, 18]}, {'text': 'qgis', 'indices': [197, 202]}, {'text': 'geographyteacher', 'indices': [203, 220]}]",1074378707438055426,Blandford Bread,BlandfordBread,"South West, England",447,805,http://pbs.twimg.com/media/EmxyhbcW8AEAcGa.jpg,https://t.co/v1Q0OqDPpH
221,1327561631640006656,"#30DayMapChallenge - Day 14 - Climate Change
Global Power Plants by primary energy source used (hopefully this qualifies for the topic). 
Data: https://t.co/r4QhSWVRin
Hover for more details and link to Google maps for each location.
Interactive: https://t.co/cH4YCbl585 https://t.co/FctzMfTwHZ",en,2020-11-14 10:38:52,1,16,"[{'text': '30DayMapChallenge', 'indices': [0, 18]}]",826131117417910272,Marc Reid,marcreid,"London, England",1667,1015,http://pbs.twimg.com/media/EmxxqfbWMAIfeIZ.jpg,https://t.co/r4QhSWVRin
222,1327561528040697858,"#30DayMapChallenge Day 14: Climate change.

How did average annual temperature change in the UK between 1969 and 2019? It increased everywhere, with North East England experiencing the highest increase of over 1.6¬∞C.

Data by UK Met Office, 25 km grid. https://t.co/qfZizb3PYR",en,2020-11-14 10:38:27,6,17,"[{'text': '30DayMapChallenge', 'indices': [0, 18]}]",963423777135759360,Ilya Ilyankou,ilyankou,London,66,131,http://pbs.twimg.com/media/Emxx5i_WEAIwYB_.png,https://t.co/qfZizb3PYR
223,1327561126125690880,"#30DayMapChallenge - Day 14: Climate Change
I actually made this last year, but it fits the theme: CO2 emissions per GDP from 1990-2014
Data: @worldbankdata | Made with @geopandas  and #gifski https://t.co/HBuVW3dthT",en,2020-11-14 10:36:52,1,3,"[{'text': '30DayMapChallenge', 'indices': [0, 18]}, {'text': 'gifski', 'indices': [185, 192]}]",1000055398697709569,Eliav S-T,est987,Israel,315,1685,http://pbs.twimg.com/tweet_video_thumb/EmxxnQUWMAAxhTB.jpg,https://t.co/HBuVW3dthT
224,1327560784155717632,"#30DayMapChallenge Day 14. Climate Change. A global map rendered with an ""AI"" style transfer, but cropped like this also gives the image of a running figure. Click to view full. https://t.co/YpbSTrRGEv",en,2020-11-14 10:35:30,2,8,"[{'text': '30DayMapChallenge', 'indices': [0, 18]}]",88731801,Barry Rowlingsonüê∫,geospacedman,"Lancaster, UK",1659,474,http://pbs.twimg.com/media/EmxxOmmXIAAK7iF.png,https://t.co/YpbSTrRGEv
225,1327559284394225670,"#30DayMapChallenge day 14 - climate change
inspired by maps made by Domonic Roy√© (@dr_xeo) this is  yearly mean temperature in the Netherlands 1951 - 2019. #rstats. tools {ggplot} {stars} {gstat} data : https://t.co/eggGy0o6HR https://t.co/bL9neAYrML",en,2020-11-14 10:29:32,4,9,"[{'text': '30DayMapChallenge', 'indices': [0, 18]}, {'text': 'rstats', 'indices': [156, 163]}]",1127542168078495745,peter,vanhorssenpeter,,2,5,http://pbs.twimg.com/media/EmxtTDTW8AU283-.png,https://t.co/eggGy0o6HR
226,1327558961004888064,"Day 14 of #30DayMapChallenge. Climate Change.

I sampled a local supermarket's private-label dried &amp; canned goods country of origin and found many were freighted long distances from overseas.

Massive food miles to save consumers a few cents. 

Check your shopping &amp; buy local. https://t.co/GRZtotYBhw",en,2020-11-14 10:28:15,1,2,"[{'text': '30DayMapChallenge', 'indices': [10, 28]}]",29162437,Kerrin Sime,kjsime," NZ, most of the time.",56,125,http://pbs.twimg.com/media/Emxv1pKVEAErRtE.jpg,https://t.co/GRZtotYBhw
227,1327556858882760704,"#30DayMapChallenge 

Day 14 - Climate Change

Iceberg B31 calved from the Pine Island Glacier in November, 2013. Is it still out there? Roaming the Southern Ocean pining for it's mother?
 
@bcsweb https://t.co/wzkAdcx3HX",en,2020-11-14 10:19:54,2,8,"[{'text': '30DayMapChallenge', 'indices': [0, 18]}]",238730325,David McCutcheon,DVDMaps,"Shrewsbury, England",197,196,http://pbs.twimg.com/media/Emxt3VlWEAAV7_H.jpg,https://t.co/wzkAdcx3HX
229,1327555172701245440,"Day 14 #30DayMapChallenge Climate Change

Making draggable objects on maps using {leafpm} in #rstats

Here: destroyed rainforest area in 2019 as a polygon:
E.g. it's larger than Brandenburg, Czech Republic or Switzerland

Map: https://t.co/l54u36jcVy
Code: https://t.co/PheHyb48Zz https://t.co/CLzmcpbukd",en,2020-11-14 10:13:12,4,14,"[{'text': '30DayMapChallenge', 'indices': [7, 25]}, {'text': 'rstats', 'indices': [93, 100]}]",3011804639,Alexandra Kapp,lxndrkp,"Berlin, Deutschland",621,484,http://pbs.twimg.com/tweet_video_thumb/Emxr-AVXUAAuITG.jpg,https://t.co/l54u36jcVy
230,1327554111210917888,"#30DayMapChallenge 

Day 14: Climate Change

A slightly extreme interpretation - what England &amp; Wales would look like if the sea level rose 2,000ft.

Made with #Aerialod https://t.co/AyRGxryoe8",en,2020-11-14 10:08:59,2,21,"[{'text': '30DayMapChallenge', 'indices': [0, 18]}, {'text': 'Aerialod', 'indices': [164, 173]}]",2213909976,Colin Angus,VictimOfMaths,,4926,599,http://pbs.twimg.com/media/EmxrbTpXMAEkQD2.jpg,https://t.co/AyRGxryoe8
231,1327553710881431553,"CO2 emissions from coal power plants by country 2020. #30DayMapChallenge 14 - Climate change 
Source @GlobalEnergyMon https://t.co/aZCjkIhcjc",en,2020-11-14 10:07:24,7,74,"[{'text': '30DayMapChallenge', 'indices': [54, 72]}]",2809999793,Owen Powell,owenjpowell,Leamington Spa,1838,284,http://pbs.twimg.com/ext_tw_video_thumb/1327552625127149568/pu/img/w5agwPKfJ5OZxLJx.jpg,https://t.co/aZCjkIhcjc
232,1327553053931806720,"Change in on-road CO2 Emissions between 1980 and 2017. Data: https://t.co/Mox94u8jPG

#30DayMapChallenge day 14: climate change. https://t.co/qD0B7jDnXB",en,2020-11-14 10:04:47,18,92,"[{'text': '30DayMapChallenge', 'indices': [86, 104]}]",2198358416,Topi Tjukanov,tjukanov,"Helsinki, Suomi",11973,2524,http://pbs.twimg.com/media/EmxqGGoWMAEZ9Nz.jpg,https://t.co/Mox94u8jPG
233,1327551854201409536,"Day 14- #30DayMapChallenge 
Theme: Climate Change, visualised using Python. Spent a lot of time thinking about today's map! % of Yearly Global Forest Cover Loss ,mapped bi-yearly 2001-2017.  Data from : https://t.co/wsdC6jvQpc https://t.co/O7fD4vDvBo",en,2020-11-14 10:00:01,1,2,"[{'text': '30DayMapChallenge', 'indices': [8, 26]}]",636238090,Simon Leech,simonmleech,,36,118,http://pbs.twimg.com/media/El_kv3HXUAA1-we.jpg,https://t.co/wsdC6jvQpc
234,1327551788426403840,"Day 14 - Climate Change #30DayMapChallenge 

Took at look at the Leadership and Climate Change dimension of the Global Green Economy Index today - no surprises at the bottom two countries... https://t.co/EO68SVrO1j",en,2020-11-14 09:59:45,3,8,"[{'text': '30DayMapChallenge', 'indices': [24, 42]}]",996835888813494272,Catherine Schroder,cj_maps,"Scotland, United Kingdom",39,44,http://pbs.twimg.com/media/Emxo27NXcAAauUM.jpg,https://t.co/EO68SVrO1j
235,1327551550441578496,"#30DayMapChallenge Day 14: Climate change
2017 @BAS_News map of South Georgia showing retreat of glaciers due to climate change. Family involvement with @annieftimms playing a small part in making it. https://t.co/hXgHreSpyl https://t.co/Ikt9fbGPGn",en,2020-11-14 09:58:48,4,8,"[{'text': '30DayMapChallenge', 'indices': [0, 18]}]",1268236531,Tom Timms,TomTheMap,"Cambridgeshire, UK",420,633,http://pbs.twimg.com/media/Emxo7eWW8AIIDTp.jpg,https://t.co/hXgHreSpyl
236,1327551172547391490,Day 14 (Climate change): Overshoot Day #30DayMapChallenge https://t.co/uWr8oXIwBQ,en,2020-11-14 09:57:18,9,28,"[{'text': '30DayMapChallenge', 'indices': [39, 57]}]",1035417413586694144,neocarto,neocartocnrs,Paris,1316,375,http://pbs.twimg.com/media/EmxonZMXcAE7Km9.jpg,https://t.co/uWr8oXIwBQ
237,1327550434400235521,Day 14. Climate change: It's getting warmer. Change in number of cold days per year (air temperature below 0). Difference in days between 1941‚Äì1970 and 1971‚Äì2000. (https://t.co/KQWuXEeaYo) #30DayMapChallenge https://t.co/8XiiqcymIN,en,2020-11-14 09:54:22,1,7,"[{'text': '30DayMapChallenge', 'indices': [189, 207]}]",113729499,Anto Aasa,antoaasa,"Tartu, Eesti",82,67,http://pbs.twimg.com/media/EmxnUyJW8AEhFsB.png,https://t.co/KQWuXEeaYo)
238,1327549982971400192,"14. Climate change: January 2020 was super warm in #Estonia and the temperature #anomaly was almost up to +10 degrees compared to the long-term historical average ü§îüå°Ô∏è‚òÄÔ∏è. These anomalies are becoming a norm, unfortunately. Data: Estonian Weather Service #30DayMapChallenge https://t.co/BlQNHUmQD4",en,2020-11-14 09:52:35,5,34,"[{'text': 'Estonia', 'indices': [51, 59]}, {'text': 'anomaly', 'indices': [80, 88]}, {'text': '30DayMapChallenge', 'indices': [253, 271]}]",47698876,Evelyn,evelynuuemaa,Estonia,425,284,http://pbs.twimg.com/media/Emxl-lUXIAASm5P.jpg,https://t.co/BlQNHUmQD4
239,1327546173524221952,"#30DayMapChallenge - Day 14 - Climate Change

Last decade's temperature anomaly üå°Ô∏è https://t.co/TZHLYFmZvi",en,2020-11-14 09:37:27,1,7,"[{'text': '30DayMapChallenge', 'indices': [0, 18]}]",1171647271928307712,Erwan Rivault,ErwanRivault,,459,803,http://pbs.twimg.com/media/Emxi9I4XYAEc-aI.jpg,https://t.co/TZHLYFmZvi
241,1327544721841983488,"#30DayMapChallenge Day 14 | Climate change

Temperature difference üå°Ô∏è in Italian provinces between 2018 and the average values between 2007 and 2016. A map to think aboutü§î

Data from @istat_it, map designed in #QGIS. https://t.co/isuyYdWbbN",en,2020-11-14 09:31:40,3,18,"[{'text': '30DayMapChallenge', 'indices': [0, 18]}, {'text': 'QGIS', 'indices': [210, 215]}]",1669906789,Marco Minghini,MarcoMinghini,"Como, Italy",1047,673,http://pbs.twimg.com/media/Emxhhs-WEAAm3Yn.jpg,https://t.co/isuyYdWbbN
243,1327542716931186688,"#30DayMapChallenge Day 13: Climate Change
Land potentially effected by a 5m rise in sea level
Data derived from https://t.co/agEWU1Vc0g #QGIS https://t.co/qABIUxzYWS",en,2020-11-14 09:23:42,14,36,"[{'text': '30DayMapChallenge', 'indices': [0, 18]}, {'text': 'QGIS', 'indices': [136, 141]}]",18795658,Matt Travis,Yakus,"Ivybridge, Devon",520,738,http://pbs.twimg.com/media/Emxg1nQXcAEuNpv.jpg,https://t.co/agEWU1Vc0g
245,1327542005174579201,"#30DayMapChallenge - Day 14 - Climate Change // Changement climatique

What if... // Et si...

_________
See the 13 previous maps // Voir les 13 cartes pr√©c√©dentes : https://t.co/jNyBfUefcu https://t.co/iIjKJlNjUc",fr,2020-11-14 09:20:53,3,21,"[{'text': '30DayMapChallenge', 'indices': [0, 18]}]",1201838008359620609,Les Savoirs Ambulants,SavoirsEnBulles,Rennes,305,91,http://pbs.twimg.com/media/Emxf-brXUAE6odJ.jpg,https://t.co/jNyBfUefcu
246,1327539197624934400,#30DayMapChallenge Day 14 : climate change https://t.co/uVzzqP9Bhv,en,2020-11-14 09:09:43,1,2,"[{'text': '30DayMapChallenge', 'indices': [0, 18]}]",233525664,Julien,JulienQuotidien,Le Havre,467,185,http://pbs.twimg.com/media/EmxduUxW4AEETGB.jpg,https://t.co/uVzzqP9Bhv
247,1327538772435726338,"#30DayMapChallenge - Day 14 : Climate change

how it started                            how it will be going https://t.co/WYRmYuM5WT",en,2020-11-14 09:08:02,3,21,"[{'text': '30DayMapChallenge', 'indices': [0, 18]}]",577363985,Arthur Beaubois-Jude,Tabularthur,,299,225,http://pbs.twimg.com/media/EmxczhGWMAE-EeU.jpg,https://t.co/WYRmYuM5WT
248,1327537158350102528,"You look radiant today! Today's #30DayMapChallenge theme is #ClimateChange, and our map shows the fantastic potential of #SolarEnergy in the contiguous US, in kwh/m^2/day.

If you want to make your own map like this one about what matters to you, as always, contact us. Shine on! https://t.co/5qBfRRufe5",en,2020-11-14 09:01:37,4,12,"[{'text': '30DayMapChallenge', 'indices': [32, 50]}, {'text': 'ClimateChange', 'indices': [60, 74]}, {'text': 'SolarEnergy', 'indices': [121, 133]}]",65125461,Leventhal Map & Education Center at the BPL,bplmaps,"Copley Square, Boston, MA",4986,677,http://pbs.twimg.com/media/Emxb2KXXYAA4nGF.png,https://t.co/5qBfRRufe5
249,1327537001755680768,"üåç‚òÄÔ∏èüè≠ Jour 14 du #30DayMapChallenge : changement climatique.

Cartogramme des √©missions de CO2 par pays (1970 vs. 2018)

‚û°Ô∏è A retrouver en grand-format sur @LesEchos 

https://t.co/SjaQfPFm1c https://t.co/m34nWO6AYy",fr,2020-11-14 09:01:00,4,22,"[{'text': '30DayMapChallenge', 'indices': [16, 34]}]",138790830,Jules Grandin,JulesGrandin,Paris,22280,1007,http://pbs.twimg.com/media/El0m8N7W0AEHDQb.jpg,https://t.co/SjaQfPFm1c
250,1327532263882559488,"Day 14. Climate change. Waiting for real estate value profits ‚áí if sea level rises 11 m, we have a plot on the shore. Funny. Not funny. Created with #QGIS  #30dayMapChallenge #badmaps https://t.co/E5Zg0EGGud",en,2020-11-14 08:42:10,1,4,"[{'text': 'QGIS', 'indices': [149, 154]}, {'text': '30dayMapChallenge', 'indices': [156, 174]}, {'text': 'badmaps', 'indices': [175, 183]}]",3552542476,Sanna Jokela,SannaJokela1,"Turku, Suomi",530,405,http://pbs.twimg.com/media/EmxXWamXEAE7RDZ.jpg,https://t.co/E5Zg0EGGud
252,1327527342613303296,"D√≠a 12 No hecho con SIG / map not made with GIS 
Pen√≠nsula de Baja California en hoja de calculo
#30DayMapChallenge https://t.co/t4VurIy6Cq",es,2020-11-14 08:22:37,1,4,"[{'text': '30DayMapChallenge', 'indices': [97, 115]}]",756293041,El Reta,EnriqueRetamoza,,366,605,http://pbs.twimg.com/media/EmxS2RjUcAAXCsE.png,https://t.co/t4VurIy6Cq
253,1327526065976217602,"D√≠a 11 3D
Orograf√≠a del estado de Oaxaca, M√©xico, Modelo de elevaci√≥n digital a resoluci√≥n de 15m proveniente del INEGI.
#30DayMapChallenge https://t.co/DRmqW1ChyT",es,2020-11-14 08:17:33,2,5,"[{'text': '30DayMapChallenge', 'indices': [121, 139]}]",756293041,El Reta,EnriqueRetamoza,,366,605,http://pbs.twimg.com/media/EmxR5DiUUAEm5Fd.jpg,https://t.co/DRmqW1ChyT
254,1327522657256894464,#30DayMapChallenge Day 14: Climate change. #GPS points in Tartu ski park. https://t.co/ecPRQUzzES,en,2020-11-14 08:04:00,3,17,"[{'text': '30DayMapChallenge', 'indices': [0, 18]}, {'text': 'GPS', 'indices': [43, 47]}]",1322101266793857026,Mobility Lab of University of Tartu,UT_moblab,Tartu,69,50,http://pbs.twimg.com/media/EmtFtA8XcAcGM1E.png,https://t.co/ecPRQUzzES
255,1327521922662404097,"#30DayMapChallenge  day 14 Climate Change
Groenland, 2120 : attractions touristiques et produits du terroir https://t.co/lVNO4p3GGW",fr,2020-11-14 08:01:05,1,10,"[{'text': '30DayMapChallenge', 'indices': [0, 18]}]",1189967197730430977,Julien Dupont Kobri,Kartokobri,,232,133,http://pbs.twimg.com/media/EmxOBr6WMAEzNg_.jpg,https://t.co/lVNO4p3GGW
256,1327521902584160256,"#30DayMapChallenge Day 14: climate change

#sneakpeek of forthcoming #thematicmapping book: 101 ways to map same data

Political climate of US changed in 2016. Trump won 2,638 of 3,141 counties shown here. The greater the margin of victory, the more of the picture you see. https://t.co/jlhG6xgz39",en,2020-11-14 08:01:00,3,26,"[{'text': '30DayMapChallenge', 'indices': [0, 18]}, {'text': 'sneakpeek', 'indices': [43, 53]}, {'text': 'thematicmapping', 'indices': [69, 85]}]",20668314,Kenneth Field,kennethfield,"Redlands, CA & global",12387,103,http://pbs.twimg.com/media/EmlHSGuVgAAbaz2.jpg,https://t.co/jlhG6xgz39
257,1327521538837450754,My contribution for day 13 of the #30daymapchallenge. A raster map of satellite-derived land cover data and shaded relief. I used data from https://t.co/5S1yP8UdAo and the #rstats package spmap. https://t.co/LqEVhNRGXw,en,2020-11-14 07:59:33,4,6,"[{'text': '30daymapchallenge', 'indices': [34, 52]}, {'text': 'rstats', 'indices': [172, 179]}]",3331095159,Jan-Philipp Kolb,JanPhilippKolb,,99,322,http://pbs.twimg.com/media/EmxNy6ZXYAcjCcU.png,https://t.co/5S1yP8UdAo
258,1327519710330630147,Day 14 of #30DayMapChallenge : Climate change. While this map of renewables looks promising. They only account for 1-5 percent of Berlin's energy consumption. Still a lot of fossil energy including coal are Berlin's primary energy source. Code: https://t.co/5JhNAKVfVK https://t.co/z2ZpMZPB5M,en,2020-11-14 07:52:17,1,9,"[{'text': '30DayMapChallenge', 'indices': [10, 28]}]",7541002,Sebastian Meier,seb_meier,,1272,141,http://pbs.twimg.com/media/EmxLJk3WMAAb39L.jpg,https://t.co/5JhNAKVfVK
259,1327518982014980096,"#30DayMapChallenge day 14 - climate change
Sea ice extent in Arctic 1979-2020 (january of each year)
Made with enormous help of @tylermorganwall blogpost https://t.co/YvVlNevGmy
#rstats #rspatial #rayrender https://t.co/ovPtGQt4ua",en,2020-11-14 07:49:24,6,38,"[{'text': '30DayMapChallenge', 'indices': [0, 18]}, {'text': 'rstats', 'indices': [178, 185]}, {'text': 'rspatial', 'indices': [186, 195]}, {'text': 'rayrender', 'indices': [196, 206]}]",1273667699374260224,Tatiana,balt_ti,"–°–∞–Ω–∫—Ç-–ü–µ—Ç–µ—Ä–±—É—Ä–≥, –†–æ—Å—Å–∏—è",103,184,http://pbs.twimg.com/tweet_video_thumb/EmxLItnXUAUlTqj.jpg,https://t.co/YvVlNevGmy
260,1327514100381982721,"#30DayMapChallenge Day 14 | Climate Change

My 2019 Tableau #ironviz entry on pollution in London. 96 spatially arranged air monitoring stations by wind rose and pie chart... https://t.co/SCa03ylsyB",en,2020-11-14 07:30:00,2,35,"[{'text': '30DayMapChallenge', 'indices': [0, 18]}, {'text': 'ironviz', 'indices': [60, 68]}]",2614024302,Rob Radburn,robradburn,"Leicester, UK",3179,748,http://pbs.twimg.com/media/EmuXja5XcAIslMD.jpg,https://t.co/SCa03ylsyB
261,1327512750327787521,"#30DayMapChallenge 14. Climate Change

üçáMedian harvest date in Southern Rh√¥ne Valley #wine region since 1969

Made with #QGIS https://t.co/jdHOTonrpM",fr,2020-11-14 07:24:38,5,20,"[{'text': '30DayMapChallenge', 'indices': [0, 18]}, {'text': 'wine', 'indices': [85, 90]}, {'text': 'QGIS', 'indices': [120, 125]}]",892006500,Romain Lx,lacxrx,Vaucluse,641,254,http://pbs.twimg.com/tweet_video_thumb/EmxEaOjXcAALs1q.jpg,https://t.co/jdHOTonrpM
262,1327511893762772992,#30DayMapChallenge #climatechange https://t.co/sShsuheOah,und,2020-11-14 07:21:14,7,31,"[{'text': '30DayMapChallenge', 'indices': [0, 18]}, {'text': 'climatechange', 'indices': [19, 33]}]",782161298,Neil Harris 'UO web',Neil_py_harris,Newcastle-upon-Tyne,259,291,http://pbs.twimg.com/tweet_video_thumb/EmxFAYoWEAA1AmV.jpg,https://t.co/sShsuheOah
263,1327508661657239553,"Day 13 of #30DayMapChallenge  Raster

Data source: NOAA;s National Weather Service Climate Prediction Center https://t.co/LShUGaRm1V",en,2020-11-14 07:08:23,1,2,"[{'text': '30DayMapChallenge', 'indices': [10, 28]}]",1322740260422385665,Anat Zohar,AnatZohar4,,1,15,http://pbs.twimg.com/tweet_video_thumb/EmxCDvzVgAAKqOg.jpg,https://t.co/LShUGaRm1V
264,1327503576751595520,"Day 14 of #30DayMapChallenge - Climate change

Showing temperatures increases in Finland from one year to the other.

Previous winter was really mild, and we virtually didn't have snow in Helsinki.

Tools: R https://t.co/oqSxjcGSgy",en,2020-11-14 06:48:11,1,11,"[{'text': '30DayMapChallenge', 'indices': [10, 28]}]",950089955753250816,Jose Maria Echave Sanz,assesslife,Helsinki,191,390,http://pbs.twimg.com/media/Emw9HJ4W8AAgE7Y.jpg,https://t.co/oqSxjcGSgy
265,1327500819315363842,"#30DayMapChallenge D√≠a 13: raster. Modelo digital de elevaciones, donde se visualiza la Laguna de Chapala y Volc√°n de Colima.@IIEGJ https://t.co/nXD7BY6dSg",es,2020-11-14 06:37:13,2,11,"[{'text': '30DayMapChallenge', 'indices': [0, 18]}]",1322967748926873600,Miriam Asc,asc_miriam,,8,2,http://pbs.twimg.com/media/Emw69VkUwAAXKgG.jpg,https://t.co/nXD7BY6dSg
266,1327478023050960896,"#30DayMapChallenge
D√≠a 13: R√°ster
Mapa de susceptibilidad por deslizamientos, utilizando el m√©todo estad√≠stico bivariado Frequency Ratio.
Cuenca Huahua, Sierra-Costa de Michoac√°n https://t.co/jO3hPe5bgE",es,2020-11-14 05:06:38,1,2,"[{'text': '30DayMapChallenge', 'indices': [0, 18]}]",1322588299744190466,Lizbeth Bastida,LizbethBastid11,,1,34,http://pbs.twimg.com/media/EmwmOgbXEAA0fzR.jpg,https://t.co/jO3hPe5bgE
267,1327473217460723712,"#30DayMapChallenge R√°ster

Conectividad de la Ciudad de Culiac√°n a trav√©s de las Rutas de Transporte Publico.

Las zonas verdes c√©ntricas de la ciudad est√°n mucho mejor conectadas que las periferias en rojo. https://t.co/bLLEhs1Hu0",es,2020-11-14 04:47:32,2,7,"[{'text': '30DayMapChallenge', 'indices': [0, 18]}]",1058153682905296896,Emmanuel Espinoza,EI_Manny,"Culiac√°n, Sinaloa",49,44,http://pbs.twimg.com/media/EmwhParW4AE4meO.jpg,https://t.co/bLLEhs1Hu0
268,1327470019492495361,"Day 14 of #30DayMapChallenge: Climate Change

Auckland with 9 metres of Sea Level Rise
While not a likely scenario in the near term, it's the direction that the climate is currently heading towards... https://t.co/mLuBlXt26W",en,2020-11-14 04:34:50,8,53,"[{'text': '30DayMapChallenge', 'indices': [10, 28]}]",93839237,Andrew DC,andrewdc_nz,"Christchurch City, New Zealand",431,165,http://pbs.twimg.com/media/Emwe3HnVkAAh0q1.jpg,https://t.co/mLuBlXt26W
269,1327462181806469120,"Elevation in Brazil for the 13th day of the #30DayMapChallenge. Powered by #rstats, more specifically {ggplot2} and {stars}. 

#rspatial https://t.co/iegC3HPyng",en,2020-11-14 04:03:41,7,17,"[{'text': '30DayMapChallenge', 'indices': [44, 62]}, {'text': 'rstats', 'indices': [75, 82]}, {'text': 'rspatial', 'indices': [127, 136]}]",766330634281316352,Lucas Godoy,ldcgodoy,"Storrs, CT",126,660,http://pbs.twimg.com/media/EmwXUr7W4AAlqcU.jpg,https://t.co/iegC3HPyng
270,1327454510533529600,"it's raster time at #30DayMapChallenge, so here's a gif of growth on the Bangladesh-Myanmar border near Cox's Bazar. See if you can spot the world's largest refugee camp, Kutupalong, exploding in growth. Made with Landsat imagery in Google Earth Engine. https://t.co/SyBaV6Frdd",en,2020-11-14 03:33:12,3,15,"[{'text': '30DayMapChallenge', 'indices': [20, 38]}]",14913762,vicky johnson-dahl,hurricanevicky,"Washington, DC",974,851,http://pbs.twimg.com/tweet_video_thumb/EmwQtkdXYAIKTHa.jpg,https://t.co/SyBaV6Frdd
271,1327452501096812544,"Day 13. #30DayMapChallenge Basesmap using terrain corrected Sentinel 2 Mosaic (@LINZLDS CC BY) and  hillshade and shadows. Aiming was to add a 3D to the terrain, using terrain corrected data and setting the look to my chosen day and time of the year. Visible is Lake Coleridge. https://t.co/8gst3iNNjC",en,2020-11-14 03:25:13,3,34,"[{'text': '30DayMapChallenge', 'indices': [8, 26]}]",3005542459,Simon Bardsley,geotologist,New Zealand,55,283,http://pbs.twimg.com/media/EmwNUHUVkAAPLwe.jpg,https://t.co/8gst3iNNjC
272,1327449508142346240,Day 13: Raster. Going for a sort of journalist style with this Sentinel 2 before and after of a landslide in my neck of the woods. Images sourced through the awesome Google Earth Engine QGIS plugin. #30DayMapChallenge https://t.co/wbuJ4eYomA,en,2020-11-14 03:13:20,3,6,"[{'text': '30DayMapChallenge', 'indices': [199, 217]}]",721829381207887872,David Fox,ReynardSubtil,"Vermont, USA",67,165,http://pbs.twimg.com/media/EmwMENxXYAANcAh.jpg,https://t.co/wbuJ4eYomA
273,1327448764655816704,"Day 12. Non GIS. #30DayMapChallenge. Map of the UK and Ireland. Hand drawn and what coloured, but not completed. Approximately 2012. https://t.co/uz3qZsIPjS",en,2020-11-14 03:10:22,1,8,"[{'text': '30DayMapChallenge', 'indices': [17, 35]}]",3005542459,Simon Bardsley,geotologist,New Zealand,55,283,http://pbs.twimg.com/media/EmwLmajW4AMmmFO.jpg,https://t.co/uz3qZsIPjS
274,1327446028857982983,"#30DayMapChallenge Lines

New York City Residential Areas and Roads

I have to admit that I was captivated by the first quarter of the article...I think this is definitely some simple art I need to relax my mind. Thank you Dr @estebanmoro 

Tutorial link: https://t.co/8UeRcyJ8QR https://t.co/W6rwXgGL9S",en,2020-11-14 02:59:30,2,3,"[{'text': '30DayMapChallenge', 'indices': [0, 18]}]",1217864131883216899,Tu,tu_yukun,"Longmont, Colorado, US",15,119,http://pbs.twimg.com/media/EmwFxHgUcAE675B.jpg,https://t.co/8UeRcyJ8QR
275,1327442302072217600,"#30DayMapChallenge 
D√≠a 13: Raster
Valle Avil√©s, P.N. Patagonia
‚Ä¢Catastro uso de suelo y veg. (Conaf, 2011) trabajado en #Qgis 
‚Ä¢Relieve modelado en #Blender c/ m√©todo de @pinakographos 
‚Ä¢Composici√≥n hecha en Photoshop https://t.co/lGjMt7Dbdm",es,2020-11-14 02:44:42,1,16,"[{'text': '30DayMapChallenge', 'indices': [0, 18]}, {'text': 'Qgis', 'indices': [121, 126]}, {'text': 'Blender', 'indices': [149, 157]}]",1132858101940539392,Pedro Bonacic Vera,BonacicPedro,"Santiago, Chile",24,194,http://pbs.twimg.com/media/EmwFu3_XcAAnu4b.jpg,https://t.co/lGjMt7Dbdm
276,1327433531530809344,#30DayMapChallenge Day 13: Raster. A true color Landsat 8 Image of a stretch along the Danjiang River from imagery taken earlier today. Followed this great tutorial https://t.co/2sgsJrkM5v https://t.co/cI6JgpfUdE,en,2020-11-14 02:09:51,1,2,"[{'text': '30DayMapChallenge', 'indices': [0, 18]}]",215404498,Ariel Kadouri,akadouri,,140,388,http://pbs.twimg.com/media/Emv9eRgXMAED7CI.png,https://t.co/2sgsJrkM5v
277,1327429879311200256,"day 13. Raster
Volc√°n Popocat√©petl üåãüá≤üáΩ
from higher to lower res  (load 4K) üî•
#30DayMapChallenge 
#rspatial #ggplot2 #r4ds https://t.co/gQFJyTx1nP",es,2020-11-14 01:55:20,2,8,"[{'text': '30DayMapChallenge', 'indices': [77, 95]}, {'text': 'rspatial', 'indices': [97, 106]}, {'text': 'ggplot2', 'indices': [107, 115]}, {'text': 'r4ds', 'indices': [116, 121]}]",1587457694,onesimo √ó galaz,chxmonesimo,"Sonora, M√©xico",130,280,http://pbs.twimg.com/media/Emv6Z2cVQAA49uY.jpg,https://t.co/gQFJyTx1nP
278,1327425089546104833,"D√≠a 13: Raster #30DayMapChallenge 

Cobertura de una estaci√≥n de Televisi√≥n Digital en Colima. 

Software: #SPLAT #python https://t.co/lFkJSUeXLn",es,2020-11-14 01:36:18,3,8,"[{'text': '30DayMapChallenge', 'indices': [15, 33]}, {'text': 'SPLAT', 'indices': [107, 113]}, {'text': 'python', 'indices': [114, 121]}]",72170599,Mario Hern√°ndez,armiok,Ecatepec de Morelos,560,145,http://pbs.twimg.com/media/Emv2FC8XEAEVhHM.jpg,https://t.co/lFkJSUeXLn
279,1327423146094448641,"30 Years of Ganga Koshi Confluence: Tracing changing river courses from Landsat imagery.
Uses band combination of SWIR1,NIR,Red for color.

#30DayMapChallenge Day 13: Raster
Made with #geemap (thanks to @giswqs) #ipyleaflet data from @nasa_landsat  #python #EarthEngine https://t.co/xyziDKCKOZ",en,2020-11-14 01:28:35,3,19,"[{'text': '30DayMapChallenge', 'indices': [140, 158]}, {'text': 'geemap', 'indices': [184, 191]}, {'text': 'ipyleaflet', 'indices': [212, 223]}, {'text': 'python', 'indices': [249, 256]}, {'text': 'EarthEngine', 'indices': [257, 269]}]",1234136874,Pratap Vardhan,PratapVardhan,"Princeton, NJ",814,144,http://pbs.twimg.com/ext_tw_video_thumb/1327422762152062976/pu/img/hKCy1E2C1Amtk2SL.jpg,https://t.co/xyziDKCKOZ
280,1327420458967285760,"#30DayMapChallenge 2020 D√≠a 13 R√°ster: An√°lisis r√°ster que muestra los tiempos de accesibilidad a una zona urbana en M√©xico, el an√°lisis fue publicado en la revista Nature en 2018 https://t.co/hER408BXKl
 
@IIEGJ @tjukanov https://t.co/zSOt7QcQd1",es,2020-11-14 01:17:54,5,23,"[{'text': '30DayMapChallenge', 'indices': [0, 18]}]",7630312,Y√∫um-K'aak-N√°ab,jdeltoro1973,Guadalajara M√©xico,535,1976,http://pbs.twimg.com/media/EmvxyAlXYAACGpv.jpg,https://t.co/hER408BXKl
281,1327417445112573952,"Day 12: Mexican localities in @ProcessingOrg 
Data source: @INEGI_INFORMA #30DayMapChallenge https://t.co/NiUUjpsmMM",en,2020-11-14 01:05:55,1,1,"[{'text': '30DayMapChallenge', 'indices': [74, 92]}]",95788541,Rogelio Zarate,cobi_it,Nova Mir,357,1552,http://pbs.twimg.com/media/EmvufcjWMAICEtN.jpg,https://t.co/NiUUjpsmMM
282,1327416565415874560,"Day 14: climate change

Flood Hazard areas for the Wellington Region, New Zealand. 

@qgis + @greaterwgtn (flood hazard) + @LINZLDS (NZ regions + building outlines). #30DayMapChallenge https://t.co/STnl6wAOMS",en,2020-11-14 01:02:26,1,4,"[{'text': '30DayMapChallenge', 'indices': [166, 184]}]",12306,Luis Apiolaza üßÆüçÉüì∑‚èö,zentree,"≈åtautahi, Aotearoa",1289,276,http://pbs.twimg.com/media/EmvuPysVkAAs_-Z.jpg,https://t.co/STnl6wAOMS
283,1327415016937709571,D√≠a 12 Mapa sin software SIG #30DayMapChallenge en cola3con @victor_medel9 https://t.co/6UX40iQ2qb,es,2020-11-14 00:56:16,1,6,"[{'text': '30DayMapChallenge', 'indices': [29, 47]}]",1244146648009203714,Luc√≠a Navarro Loperena,LuciaNavrro,,101,209,http://pbs.twimg.com/media/Emvs7GHXEAAH88z.jpg,https://t.co/6UX40iQ2qb
284,1327411550072737792,"D√≠a 11- 3D #30DayMapChallenge en colaboraci√≥n con 
@LuciaNavrro https://t.co/Nw1Yk83S1b",es,2020-11-14 00:42:30,2,8,"[{'text': '30DayMapChallenge', 'indices': [11, 29]}]",800934852119785472,V√≠ctor Medel,victor_medel9,CDMX,108,167,http://pbs.twimg.com/media/EmvptzTW4AAhRUH.jpg,https://t.co/Nw1Yk83S1b
285,1327411511002710017,Combining 2 days (3D&amp;Raster) for #30DayMapChallenge with 2 of my favorite things; Mt Rainier + Geologic Maps ‚ù§Ô∏èüåéüèîÔ∏è https://t.co/Wby6Fy3Cmg,en,2020-11-14 00:42:20,1,18,"[{'text': '30DayMapChallenge', 'indices': [37, 55]}]",3007214442,AliceCarol,pnwgeogeek,"Portland, OR",140,361,http://pbs.twimg.com/media/EmvpLKQVgAE272a.jpg,https://t.co/Wby6Fy3Cmg
286,1327409302248755200,D√≠a 10 grid/malla #30DayMapChallenge en colaboraci√≥n con @victor_medel9 https://t.co/bxC5vJEULM,es,2020-11-14 00:33:34,1,3,"[{'text': '30DayMapChallenge', 'indices': [18, 36]}]",1244146648009203714,Luc√≠a Navarro Loperena,LuciaNavrro,,101,209,http://pbs.twimg.com/media/EmvntotXIAEkNjc.jpg,https://t.co/bxC5vJEULM
287,1327409016662847489,"Vienna can be divided in two halfs: below and above Stephansplatz levelüôÉ#30DayMapChallenge No. 13 Raster shows if the surface (not elevation) of a certain point lies above or below the surface of Stephansplatz, the square which marks Vienna's city center https://t.co/MCiK0sruG3",en,2020-11-14 00:32:26,1,8,"[{'text': '30DayMapChallenge', 'indices': [72, 90]}]",281177027,Isaak,fleischkas,Wien,142,981,http://pbs.twimg.com/media/EmvnYv3W4AElBa8.jpg,https://t.co/MCiK0sruG3
288,1327405129553895426,"For #30DayMapChallenge day 13 ‚Äì raster, I revisited my georeferenced tif file of Atlas Tyrolensis, historical map of Tyrol created by peasant cartographer Peter Anich and his apprentice. This time in Blender!

File source: https://t.co/t51OkXOQg9 https://t.co/xaURPvWml2",en,2020-11-14 00:16:59,1,2,"[{'text': '30DayMapChallenge', 'indices': [4, 22]}]",14707170,Unnecessarily sesquipedalian üö°,MartinBangratz,Cologne/Aachen/Innsbruck,1162,1169,http://pbs.twimg.com/media/EmvTb9YW4AAT7l8.jpg,https://t.co/t51OkXOQg9
290,1327400863233662977,"#30DayMapChallenge

Day 13: Raster

Disko Bay

Data: NSIDC https://t.co/gPpuuej1FF",in,2020-11-14 00:00:02,1,4,"[{'text': '30DayMapChallenge', 'indices': [0, 18]}]",45565875,Emil Malta ‚ùÑÔ∏è,emilmalta,Nuuk,190,947,http://pbs.twimg.com/media/EmvgC2UW4AAd8Tz.jpg,https://t.co/gPpuuej1FF
