,tweet_id,tweet_text,language,tweet_created_at,retweet,favorite,hashtags,user_id,user_name,user,user_loc,user_follower,friends_count,media,tweet_url
98,1332103703059451904,"Read today here a word @aerialod   üòÄ  a little bit mapalike image of landscape   #30DayMapChallenge Day 26 (who reads the instructions coming with a new tool, only after it breaks) https://t.co/zsWEg1jbwk",en,2020-11-26 23:27:26,1,2,"[{'text': '30DayMapChallenge', 'indices': [81, 99]}]",40151250,T√µnu Oja,tonuoja,,34,41,http://pbs.twimg.com/media/EnyVKNWXEAAxPc-.jpg,https://twitter.com/twitter/statuses/1332103703059451904
99,1332103335562776576,"üéΩ Mexico City Marathon Route

This year it was canceled due to the coronavirus üò•
#latepost 
#30DayMapChallenge Day 22 #Movement
Made with #QGIS #Maps #Mexico https://t.co/2VnGdR2u2e",en,2020-11-26 23:25:59,2,5,"[{'text': 'latepost', 'indices': [81, 90]}, {'text': '30DayMapChallenge', 'indices': [92, 110]}, {'text': 'Movement', 'indices': [118, 127]}, {'text': 'QGIS', 'indices': [138, 143]}, {'text': 'Maps', 'indices': [144, 149]}, {'text': 'Mexico', 'indices': [150, 157]}]",1154257288158298112,geosc√©ntricos,geoscentricos,Ciudad de M√©xico,228,199,http://pbs.twimg.com/tweet_video_thumb/EnyUYrcVkAEzeY7.jpg,https://twitter.com/twitter/statuses/1332103335562776576
100,1332102594446159872,"#30DayMapChallenge - Day 25: COVID-19 &amp; Day 26: Map with a new tool

Debian and Datasette woes

This is as close as I could get to a map in the past two days. I‚Äôve managed to wrangle some of @govscot‚Äôs COVID data into @simonw‚Äôs excellent datasette tool.

https://t.co/RUC34UjgxI https://t.co/K7RNqFbmZC",en,2020-11-26 23:23:02,1,0,"[{'text': '30DayMapChallenge', 'indices': [0, 18]}]",12620762,Mike Coats,MikeCoatsDotCom,"Inverness, Scotland",301,1190,http://pbs.twimg.com/media/EnyUP0BXEAExZjp.jpg,https://twitter.com/twitter/statuses/1332102594446159872
102,1332101931041341440,"Rutas a√©reas 
#30DayMapChallenge 2020
D√≠a 26: Mapa elaborado con una nueva herramienta https://t.co/AYseOVTHJ0",es,2020-11-26 23:20:24,2,3,"[{'text': '30DayMapChallenge', 'indices': [14, 32]}]",890753654822588417,Yaireth Ortiz,Yaireth_Ortiz,,13,352,http://pbs.twimg.com/media/EnyToxFVEAA4zDL.jpg,https://twitter.com/twitter/statuses/1332101931041341440
103,1332099296041312256,"Day 26: Map with a new tool

Over the summer, @tjukanov released some truly amazing SVG map styles for QGIS - this map is nothing more than one of them in use; I highly recommend you try them out.

https://t.co/lH99ahTgjN

#30DayMapChallenge https://t.co/ZlfeRzyIjZ",en,2020-11-26 23:09:56,3,5,"[{'text': '30DayMapChallenge', 'indices': [223, 241]}]",278873782,Map/,vtcraghead,"Burlington, VT",3651,864,http://pbs.twimg.com/media/EnyQx_0WEAY01lo.jpg,https://twitter.com/twitter/statuses/1332099296041312256
104,1332096830558101511,"Coefficients of monetary valuation of land in Dubno, Rivne Region, Ukraine.
#30DayMapChallenge Day 26: Map with a new tool
#kepler.gl, https://t.co/lvXeESZiFZ
Online Map https://t.co/AvYGENZgoM https://t.co/OFkkuoWBGo",en,2020-11-26 23:00:08,3,13,"[{'text': '30DayMapChallenge', 'indices': [76, 94]}, {'text': 'kepler', 'indices': [123, 130]}]",14992557,gontsa,gontsa,"Cherkasy, Ukraine",4587,1420,http://pbs.twimg.com/media/EnyO9PBXMAApgqY.jpg,https://twitter.com/twitter/statuses/1332096830558101511
105,1332094244715065344,"#30DayMapChallenge Finally got around to trying out @Avenza MAPublisher with Adobe #Illustrator. Not much, but its something. https://t.co/Rvbx663KYN",en,2020-11-26 22:49:51,3,20,"[{'text': '30DayMapChallenge', 'indices': [0, 18]}, {'text': 'Illustrator', 'indices': [83, 95]}]",822048926081712128,Carl Churchill,Cchurchili,CO / Tabeguache Ute Land,1602,738,http://pbs.twimg.com/media/EnyMjjHUUAAlj8U.jpg,https://twitter.com/twitter/statuses/1332094244715065344
106,1332093086877573128,"Youngest median age structures in the world:
1‚É£ Niger 15.2
2‚É£ Mali 16.3
3‚É£ Chad 16.6
Day 27 - Big or Small Data @tjukanov 
#30DayMapChallenge #Demography #DemographicTransition #GeographyTeacher
Data: https://t.co/eeNXYcear3
Web map incl trends 1950-2100: https://t.co/ektDkCEylv https://t.co/f2wbltYPIS",en,2020-11-26 22:45:15,3,8,"[{'text': '30DayMapChallenge', 'indices': [123, 141]}, {'text': 'Demography', 'indices': [142, 153]}, {'text': 'DemographicTransition', 'indices': [154, 176]}, {'text': 'GeographyTeacher', 'indices': [177, 194]}]",2787878432,BC,mildthing99,"England, United Kingdom",2239,2016,http://pbs.twimg.com/media/EnyJbzgW4AAQem6.png,https://twitter.com/twitter/statuses/1332093086877573128
108,1332089187290533890,"#30DayMapChallenge: Day 26: Map with a new tool.

My first blender shaded relief, thanks to this great tutorial: https://t.co/oVxzCoeuFO

Will definitely be doing more of these.

I'll also try and give #Aerialod a go at some point

#blender #hillshade #gis https://t.co/8E9U642Nt0",en,2020-11-26 22:29:45,3,12,"[{'text': '30DayMapChallenge', 'indices': [0, 18]}, {'text': 'Aerialod', 'indices': [202, 211]}, {'text': 'blender', 'indices': [232, 240]}, {'text': 'hillshade', 'indices': [241, 251]}, {'text': 'gis', 'indices': [252, 256]}]",314881866,Joe Davies,JoeWDavies,Cardiff / Madrid / Luxembourg,266,219,http://pbs.twimg.com/media/EnyDaYqXEAI7wy9.jpg,https://twitter.com/twitter/statuses/1332089187290533890
110,1332084748211118081,"#30DayMapChallenge
D√≠a 26: Nueva herramienta. Mapa elaborado con el software Manifold, un visualizador de informaci√≥n geogr√°fica. https://t.co/TIWbFdd7jI",es,2020-11-26 22:12:07,3,3,"[{'text': '30DayMapChallenge', 'indices': [0, 18]}]",2239825712,IIEG Jalisco,IIEGJ,"Calzada de los Pirules #71, Ciudad Granja, Zapopan, Jalisco",4773,0,http://pbs.twimg.com/media/EnyD67tWEAUCKpY.jpg,https://twitter.com/twitter/statuses/1332084748211118081
111,1332084208483913729,"#30DayMapChallenge - Day 26 - Map with a new tool

Found an interesting dataset on genocides in the 20th century. Darker the shade, more the number of people killed. 

Source: https://t.co/Bfop1qD5Jx

Created using #python + #keplergl + #gimp https://t.co/wSsFurjyV7",en,2020-11-26 22:09:58,3,10,"[{'text': '30DayMapChallenge', 'indices': [0, 18]}, {'text': 'python', 'indices': [215, 222]}, {'text': 'keplergl', 'indices': [225, 234]}, {'text': 'gimp', 'indices': [237, 242]}]",867502710131752960,Vivek Parashar,vivekparasharr,,14,24,http://pbs.twimg.com/media/EnyDhfmXUAAib3f.jpg,https://twitter.com/twitter/statuses/1332084208483913729
112,1332083540977197057,"Day 26 of the #30DayMapChallenge is ‚ÄòMap with a new tool‚Äô. So tonight I uploaded QGIS, did some quick tutorials, &amp; produced a map! Europe, using airports and codes. Long way to go but 1st time doing the challenge properly- thanks to ‚Å¶@undertheraedar‚Å© as my unwitting muse. https://t.co/zr7nk1PFA6",en,2020-11-26 22:07:19,1,7,"[{'text': '30DayMapChallenge', 'indices': [14, 32]}]",176337766,Danny Cullinane,timbertopper400,NW England,392,777,http://pbs.twimg.com/media/EnyC6mxWEAQmQRR.jpg,https://twitter.com/twitter/statuses/1332083540977197057
113,1332080619573157892,@SolwayTours A6 Here's a bird's eye view of D&amp;G I made for the #30DayMapChallenge. https://t.co/XBHoyvA1Uu,en,2020-11-26 21:55:43,2,8,"[{'text': '30DayMapChallenge', 'indices': [67, 85]}]",1081900377853829120,D&G place-names,dgplacenames,,601,305,http://pbs.twimg.com/media/EnyAQ3uXYAQWwZA.jpg,https://twitter.com/twitter/statuses/1332080619573157892
114,1332076490540847106,"#30DayMapChallenge Day 26: New Tool
Mount Rainier
So I thought of trying to learn #blender w/ #blenderGIS. Looks like you can do some awesome stuff but waaaay to complex for me. This is how far I've got, still didn't even manage to render the image properly. Maybe next year... https://t.co/jgxZt6vJpi",en,2020-11-26 21:39:18,1,9,"[{'text': '30DayMapChallenge', 'indices': [0, 18]}, {'text': 'blender', 'indices': [82, 90]}, {'text': 'blenderGIS', 'indices': [94, 105]}]",1000055398697709569,Eliav S-T,est987,Israel,323,1703,http://pbs.twimg.com/media/Enx7bhxWMAQgcg5.jpg,https://twitter.com/twitter/statuses/1332076490540847106
115,1332075027668328450,"#30DayMapChallenge
Day26: Map with New Tool

Title: Terrain of the Arabian Peninsula and Surrounding Countries

Software used: #TerrainSculptor, @qgis, &amp; @Illustrator

The data used are from #GEBCO and @openstreetmap 

I used #qgis and #illustrator to stylize the maps https://t.co/MEoCCZw1dx",en,2020-11-26 21:33:30,3,17,"[{'text': '30DayMapChallenge', 'indices': [0, 18]}, {'text': 'TerrainSculptor', 'indices': [127, 143]}, {'text': 'GEBCO', 'indices': [195, 201]}, {'text': 'qgis', 'indices': [230, 235]}, {'text': 'illustrator', 'indices': [240, 252]}]",908818700660236288,ÿπÿ®ÿØÿßŸÑŸÑÿ∑ŸäŸÅ ÿßŸÑŸäÿßŸÇŸàÿ™,geo_alyaqout,Kuwait (Ex Texan),237,203,http://pbs.twimg.com/media/Enx6vGxXYAQYlWq.jpg,https://twitter.com/twitter/statuses/1332075027668328450
116,1332074902887620609,"Day 27 of #30DayMapChallenge: Big Data

Every üî¥ Point, üîµ Line and üü£ Area in #OpenStreetMap
My favourite massive, detailed, open source and awesomely usefuly map database, used in many of the maps you see from me. https://t.co/zPn3oHz8un",en,2020-11-26 21:33:00,3,26,"[{'text': '30DayMapChallenge', 'indices': [10, 28]}, {'text': 'OpenStreetMap', 'indices': [76, 90]}]",93839237,Andrew DC,andrewdc_nz,"Christchurch City, New Zealand",632,167,http://pbs.twimg.com/media/EnvDi6KVQAAvZDA.jpg,https://twitter.com/twitter/statuses/1332074902887620609
117,1332069816904069121,"What if maps could tell a story? 
A map made entirely out of text. :-) New tool (processing + osm) tried for the daily challenge of #30DayMapChallenge, great topic btw @tjukanov! https://t.co/bKN5An4pQO",en,2020-11-26 21:12:47,1,10,"[{'text': '30DayMapChallenge', 'indices': [132, 150]}]",1325113858520993793,Fredrik Moeschlin,imfremoe,,3,17,http://pbs.twimg.com/media/Enx2bz0W4AEtXEZ.jpg,https://twitter.com/twitter/statuses/1332069816904069121
118,1332065818146967552,"#30DayMapChallenge Day 26: Map with a new tool

I've used R for PCAs but not for maps so returning to this was fun! A huge thanks to this overview (https://t.co/GLRDWFGMFR) which I used to help me get the basics. https://t.co/LNRcuwag0O",en,2020-11-26 20:56:54,1,12,"[{'text': '30DayMapChallenge', 'indices': [0, 18]}]",579246246,Cas,cas_maps,,189,1047,http://pbs.twimg.com/media/EnxxzAvXEBY9M_I.png,https://twitter.com/twitter/statuses/1332065818146967552
119,1332065290125856769,"Day 26 #30DayMapChallenge - New Tool

Made with the upcoming Unfolded Studio (@unfoldedinc) this interactive map of 740,468 public transport stops in Germany with a cluster overlay, colored by the operator

https://t.co/1fal8PzVFG https://t.co/kPm5BW9WHD",en,2020-11-26 20:54:48,2,14,"[{'text': '30DayMapChallenge', 'indices': [7, 25]}]",21386804,Ilya Boyandin,ilyabo,"Zurich, Switzerland",1124,1305,http://pbs.twimg.com/media/EnwylIIW8AQEsBs.jpg,https://twitter.com/twitter/statuses/1332065290125856769
120,1332060983876071425,"#30DayMapChallenge 26. diena. Jauns rƒ´ks. ZiemƒÅ mazliet pietr≈´kst saulesgaismas. TƒÅ kƒÅ ceƒºot uz siltajƒÅm zemƒìm nevar, tad jƒÅƒ£enerƒì sev pa≈°ai vietƒìjie kalnu skati un saule. https://t.co/SmI5Nxu2Jl",lv,2020-11-26 20:37:41,1,3,"[{'text': '30DayMapChallenge', 'indices': [0, 18]}]",461965493,Kristƒ´ne,kriksine,,340,370,http://pbs.twimg.com/media/EnxsBBFWMAIIQcT.jpg,https://twitter.com/twitter/statuses/1332060983876071425
121,1332059309384101888,"#30DayMapChallenge Day 26: Map with a new tool

Testing Procedural GL JS. üôÇ
Rimetea, TrascƒÉului Mountains, Rom√¢nia.

#threejs #javascript #webgl #dataviz @pheeelicks https://t.co/dDq0s4gcYK",ro,2020-11-26 20:31:02,2,7,"[{'text': '30DayMapChallenge', 'indices': [0, 18]}, {'text': 'threejs', 'indices': [117, 125]}, {'text': 'javascript', 'indices': [126, 137]}, {'text': 'webgl', 'indices': [138, 144]}, {'text': 'dataviz', 'indices': [145, 153]}]",1082711230459060224,MapTheClouds,maptheclouds,,173,448,http://pbs.twimg.com/ext_tw_video_thumb/1332058612810870784/pu/img/6Ttmfb_bXLST7JZU.jpg,https://twitter.com/twitter/statuses/1332059309384101888
122,1332059274407780354,"#30DayMapChallenge Day 26: Map with a new tool

Testing Procedural GL JS. üôÇ
Cheile Aiudului Gorges, TrascƒÉului Mountains, Rom√¢nia.

Live: https://t.co/X7Gst82BEZ

#threejs #javascript #webgl #dataviz @pheeelicks https://t.co/7gY3qjAMxj",ro,2020-11-26 20:30:54,1,3,"[{'text': '30DayMapChallenge', 'indices': [0, 18]}, {'text': 'threejs', 'indices': [163, 171]}, {'text': 'javascript', 'indices': [172, 183]}, {'text': 'webgl', 'indices': [184, 190]}, {'text': 'dataviz', 'indices': [191, 199]}]",1082711230459060224,MapTheClouds,maptheclouds,,173,448,http://pbs.twimg.com/ext_tw_video_thumb/1332058448071110661/pu/img/C4U82auyhmNT2L4t.jpg,https://twitter.com/twitter/statuses/1332059274407780354
123,1332056886842167296,"Day 26: Map with a new Tool
#30DayMapChallenge 
It was interesting experimenting with the QGIS2web plugin - easy to use but it has severe limitations. https://t.co/wTEiPgJS2z",en,2020-11-26 20:21:24,1,3,"[{'text': '30DayMapChallenge', 'indices': [28, 46]}]",1233423602948694017,Nic,DrNicNacks,,10,32,http://pbs.twimg.com/media/Enxph0LXUAo3JH4.png,https://twitter.com/twitter/statuses/1332056886842167296
124,1332052522136182784,"#30DayMapChallenge 

Day 26: Map with a new tool

Orto photo over Nuuk

Data from ASIAQ

Made with #QGIS 

I realize that the vast majority of this hashtag is using it, but it‚Äôs new to me üòÖ https://t.co/nPfbcT1N8I",en,2020-11-26 20:04:04,1,8,"[{'text': '30DayMapChallenge', 'indices': [0, 18]}, {'text': 'QGIS', 'indices': [99, 104]}]",45565875,Emil Malta ‚ùÑÔ∏è,emilmalta,Nuuk,202,960,http://pbs.twimg.com/media/EnxmtQ5XUAEPgu5.jpg,https://twitter.com/twitter/statuses/1332052522136182784
125,1332051037067350019,"#30DayMapChallenge #Day26 : Map with a new tool.
Mon interpr√©tation du Mordor. Des exp√©rimentations sur 3D Map Generator !

[ENG] My interpretation of Mordor. Experiments on 3D Map Generator! https://t.co/Yu6OB9AGst",fr,2020-11-26 19:58:10,1,7,"[{'text': '30DayMapChallenge', 'indices': [0, 18]}, {'text': 'Day26', 'indices': [19, 25]}]",163493843,maelle am,MaelleAMM,Paris,279,406,http://pbs.twimg.com/media/EnxlWKVXUAMlmmU.jpg,https://twitter.com/twitter/statuses/1332051037067350019
126,1332050030606290946,"My new tool for #30DayMapChallenge is Blender. Quite exciting starting to get to grips with a new piece of software.

This is an extension of what I did a few days ago - here it's Southampton's elevation with roads overlaid. Really shows some of the big valleys near the hospital https://t.co/2dlwmsz0CX",en,2020-11-26 19:54:10,1,3,"[{'text': '30DayMapChallenge', 'indices': [16, 34]}]",809066605,Robin Wilson,sciremotesense,"Southampton, England",926,505,http://pbs.twimg.com/media/EnxkajyWMAE4m4c.jpg,https://twitter.com/twitter/statuses/1332050030606290946
127,1332049663365705730,"Catching up on #30DayMapChallenge summary with the Day 25: #COVID19 RTs here‚Äôs our overview of those chosen by our vice-president @cartocraftsman yesterday

These not only mapped the actual virus but vaccine too as well as the routes of lockdown and show how charts were combined https://t.co/zlGQUVANAc",en,2020-11-26 19:52:42,1,4,"[{'text': '30DayMapChallenge', 'indices': [15, 33]}, {'text': 'COVID19', 'indices': [59, 67]}]",190644064,British Cartographic Society,bcsweb,UK,3438,271,http://pbs.twimg.com/media/EnxkG-ZW4AIg1dU.jpg,https://twitter.com/twitter/statuses/1332049663365705730
128,1332048595491631113,"#30DayMapChallenge - 26 Map with a new tool

More a collage than a map. Processed some images taken with a drone (w/ #OpenDroneMap) and visualised the DSM with #Aerialod 

Nothing too fancy but two new tools used! https://t.co/OtTqOl1oiN",en,2020-11-26 19:48:28,1,4,"[{'text': '30DayMapChallenge', 'indices': [0, 18]}, {'text': 'OpenDroneMap', 'indices': [117, 130]}, {'text': 'Aerialod', 'indices': [160, 169]}]",1320623996249976832,Rapha√´l Bz,1cartogRaph,Switzerland,23,2,http://pbs.twimg.com/media/Enxi_xKXIAIqaif.jpg,https://twitter.com/twitter/statuses/1332048595491631113
129,1332048588516560902,"#30DayMapChallenge D√≠a 25: COVID. Casos activos por comuna en la Regi√≥n Metropolitana. El invierno estuvo muy duro, el 19 de junio se lleg√≥ al m√°ximo con  29.598 casos activos en toda la regi√≥n üò±.

#rstats #rspatial 

C√≥digo: https://t.co/yScVvwZbWV https://t.co/lPXrJIXKAV",es,2020-11-26 19:48:26,4,8,"[{'text': '30DayMapChallenge', 'indices': [0, 18]}, {'text': 'rstats', 'indices': [198, 205]}, {'text': 'rspatial', 'indices': [206, 215]}]",30381129,Steph Orellana Bello,sporella,Chile,341,205,http://pbs.twimg.com/tweet_video_thumb/EnxgDuYXMAM6uTF.jpg,https://twitter.com/twitter/statuses/1332048588516560902
130,1332044174816894980,#30DayMapChallenge Day 26: Map with a new tool. So I tried out #Blender3d and it's really nice and smooth. This is part of #Abuja I couldn't finish this up. Thanks to @CGGeeks for the awesome tutorial. https://t.co/mzUYoVOiA7,en,2020-11-26 19:30:54,1,5,"[{'text': '30DayMapChallenge', 'indices': [0, 18]}, {'text': 'Blender3d', 'indices': [63, 73]}, {'text': 'Abuja', 'indices': [123, 129]}]",374459093,Jannah_A,zinnie__A,"Kaduna, Nigeria.",210,236,http://pbs.twimg.com/ext_tw_video_thumb/1332044051655381001/pu/img/v4H9A1oWkd2Ut6am.jpg,https://twitter.com/twitter/statuses/1332044174816894980
131,1332038452586577921,#30DayMapChallenge Day 26: New tools: https://t.co/po7iixJfcr https://t.co/WFSUeVHPB1,en,2020-11-26 19:08:09,1,11,"[{'text': '30DayMapChallenge', 'indices': [0, 18]}]",2679909391,Zlata Popelnuh,popelnuhh,,116,163,http://pbs.twimg.com/media/EnxZ4XTXEAMo-Mv.jpg,https://twitter.com/twitter/statuses/1332038452586577921
132,1332034704263041025,"#30DayMapChallenge Day 26: Map with a new tool

Trying to learn GPlates... too difficult for one day. https://t.co/4uYXC7ha7d",en,2020-11-26 18:53:16,1,2,"[{'text': '30DayMapChallenge', 'indices': [0, 18]}]",19770809,Galder Gonzalezüîª,theklaneh,Euskal Herria,9411,1194,http://pbs.twimg.com/media/EnxWfllW8AAWPAJ.jpg,https://twitter.com/twitter/statuses/1332034704263041025
133,1332028851904532480,"Happy Turkey Day! For #30DayMapChallenge day 26, it's ""map with a new tool"". I'm still learning Tableau, so this basic county map took some time. But it's made from JUST a table! https://t.co/4GDG4fKOZe",en,2020-11-26 18:30:00,1,1,"[{'text': '30DayMapChallenge', 'indices': [22, 40]}]",222228205,Mike Dolbow,mmdolbow,"St. Paul, MN",1303,100,http://pbs.twimg.com/media/EnsxRRSXIAEtCHh.png,https://twitter.com/twitter/statuses/1332028851904532480
134,1332027851386793986,"#30DayMapChallenge 

Day 27 Suggestion (November 27) - Big or Small Data

Data
https://t.co/vrvi6nd8NG https://t.co/OWEmwYLszG",en,2020-11-26 18:26:02,1,1,"[{'text': '30DayMapChallenge', 'indices': [0, 18]}]",3160198320,Dr Chris #GIS #Success,DrChrisGeoSci,"Calgary, Alberta",734,656,http://pbs.twimg.com/media/EnxQRZ7XUAM7FxY.png,https://twitter.com/twitter/statuses/1332027851386793986
135,1332025351946592263,"ü§î An interesting #30DayMapChallenge today: Map with a new tool!

ü•≥ I used @f_l_o_u_r_i_s_h for the very first time to create a fancy arc map, showing UK citizens living abroad in the EU.

#dataviz #maps https://t.co/FO0RNVN9Xk",en,2020-11-26 18:16:06,2,17,"[{'text': '30DayMapChallenge', 'indices': [17, 35]}, {'text': 'dataviz', 'indices': [188, 196]}, {'text': 'maps', 'indices': [197, 202]}]",1413024271,Koen Van den Eeckhout,Koen_VdE,"Gent, Belgi√´",2160,1497,http://pbs.twimg.com/media/EnxNnXfXcAYngnk.jpg,https://twitter.com/twitter/statuses/1332025351946592263
136,1332024679746310144,"#30DayMapChallenge day 26, map with a new tool. My first maps in #R showing 2005 population in Asian countries with graduated symbols and with an anamorphic map üò± Thanks to @sjewor for sharing the process to do it!

Here's the link of the workflow:

https://t.co/MW6annFyh6 https://t.co/VVRhwszpN8",en,2020-11-26 18:13:26,1,4,"[{'text': '30DayMapChallenge', 'indices': [0, 18]}, {'text': 'R', 'indices': [65, 67]}]",256783357,Juan Luis Torres,juanluistv_,Ciudad de M√©xico,163,112,http://pbs.twimg.com/media/EnxNYXRVEAE0Xnh.png,https://twitter.com/twitter/statuses/1332024679746310144
137,1332023844777857025,"Used a new #RStats  package (tanaka) and some new functions from the raster package to try and get a contour map of #Bangalore for Day 26 of the #30DayMapChallenge. Haven't quite got the hang of it yet but getting there!
#Bengaluru #bloremapped #maps #rspatial https://t.co/fw9EP6g0sj",en,2020-11-26 18:10:07,2,2,"[{'text': 'RStats', 'indices': [11, 18]}, {'text': 'Bangalore', 'indices': [116, 126]}, {'text': '30DayMapChallenge', 'indices': [145, 163]}, {'text': 'Bengaluru', 'indices': [221, 231]}, {'text': 'bloremapped', 'indices': [232, 244]}, {'text': 'maps', 'indices': [245, 250]}, {'text': 'rspatial', 'indices': [251, 260]}]",1222519447165886465,Anirudh,_anirudhgovind,India,156,1650,http://pbs.twimg.com/media/EnxMnNaUYAAZ3LW.png,https://twitter.com/twitter/statuses/1332023844777857025
138,1332023476115435520,"#30DayMapChallenge  Day 26 - Map with new tool:
Ready to learn about https://t.co/oJiKNs1GRh,  web-based application for visual exploration of large-scale geolocation data sets - Preparats per aprendre https://t.co/oJiKNs1GRh, eina de codi obert orientada a location Intelligence. https://t.co/ZVgkYTp8ff",en,2020-11-26 18:08:39,2,7,"[{'text': '30DayMapChallenge', 'indices': [0, 18]}]",2342154006,Cartografia Oficial d'Andorra,areacartografia,Govern d'Andorra,342,726,http://pbs.twimg.com/media/EnxH77xWMAEvKrq.jpg,https://twitter.com/twitter/statuses/1332023476115435520
139,1332022350401957889,#30DayMapChallenge Day 26: Map with a new tool. I used #Aerialod to render the terrain of the Shetland Islands in 3d. https://t.co/cP4sGsjbGf,en,2020-11-26 18:04:10,1,23,"[{'text': '30DayMapChallenge', 'indices': [0, 18]}, {'text': 'Aerialod', 'indices': [55, 64]}]",46426450,Joshua Copping,JoshCopping,United Kingdom,103,167,http://pbs.twimg.com/media/EnxLPyCXEAIjNTQ.jpg,https://twitter.com/twitter/statuses/1332022350401957889
140,1332021551542091776,#30DayMapChallenge #Day26 Map with a new Tool - Map+Trend for Fatal Road Accidents -Vis: https://t.co/o44tfBYhAY as part of @EU_Eurostat Regions in Europe digital publication https://t.co/MARdgeRcQC -contribution by @mgiannopoulos -4days2go https://t.co/xHKdpRjjOh,en,2020-11-26 18:01:00,2,2,"[{'text': '30DayMapChallenge', 'indices': [0, 18]}, {'text': 'Day26', 'indices': [19, 25]}]",2574612668,hannes reuter,hireuter,,220,443,http://pbs.twimg.com/media/EnwrDX7WMAEVd7P.jpg,https://twitter.com/twitter/statuses/1332021551542091776
141,1332021196548935682,"#30DayMapChallenge - Day 26 : Map with a new tool

Ce n'est pas moi qui dessinais, mais j'ai devin√© en premier ! https://t.co/pabdUTRprz",fr,2020-11-26 17:59:35,1,5,"[{'text': '30DayMapChallenge', 'indices': [0, 18]}]",577363985,Arthur Beaubois-Jude,Tabularthur,,349,240,http://pbs.twimg.com/media/EnxKEHrXUAAdoAE.jpg,https://twitter.com/twitter/statuses/1332021196548935682
142,1332019271036243974,"#30DayMapChallenge  Day 26- A map with a new tool.

Mont Blanc on a foggyish day! 

Messing around with the procedural-gl-js package and WOWZA! The future of 3d web-mapping is nigh! üó∫Ô∏è

https://t.co/2QQDZd2sm7 https://t.co/UCTBqYZ8dV",en,2020-11-26 17:51:56,3,10,"[{'text': '30DayMapChallenge', 'indices': [0, 18]}]",61612315,Nathanael Sheehan,MrNSheehan,"Falmouth, England",8937,679,http://pbs.twimg.com/media/EnxEgnzXUAAswIj.jpg,https://twitter.com/twitter/statuses/1332019271036243974
143,1332018864109084674,"Day 26 - Map with a new tool  of the #30DayMapChallenge 

Minimal hammer projected world admin 1 map with area currently lit by the sun in green and the rest of the globe in blue. 

It was made using the asciiworld C program.
https://t.co/LHsnyFb9GJ https://t.co/iIqfywOk05",en,2020-11-26 17:50:19,5,38,"[{'text': '30DayMapChallenge', 'indices': [37, 55]}]",633596180,Ahmadou Dicko,dickoah,Senegal,1678,1424,http://pbs.twimg.com/media/EnxHKJCWMAAiV3d.png,https://twitter.com/twitter/statuses/1332018864109084674
144,1332016430804504578,"Population density in Vietnam 

My first ever blender render! That was so fun... once I worked out that the default clipping length was stopping me rendering anything, which may have taken a few weeks.

#30daymapchallenge #day26 #newtool #blender https://t.co/lux6DL4In8",en,2020-11-26 17:40:39,4,49,"[{'text': '30daymapchallenge', 'indices': [203, 221]}, {'text': 'day26', 'indices': [222, 228]}, {'text': 'newtool', 'indices': [229, 237]}, {'text': 'blender', 'indices': [238, 246]}]",1101617286,Helen McKenzie,helenmakesmaps,London,1695,585,http://pbs.twimg.com/media/EnxFEOAWEAg-CAZ.jpg,https://twitter.com/twitter/statuses/1332016430804504578
146,1332015197276561409,"#30DayMapChallenge

26. Mapa con herramienta nueva. Relieve coloreado de Vielha seg√∫n orientaci√≥n y pendiente.

26. Map with a new tool. Color relief map of Vielha (Val d'Aran) by orientation and slope.

Link: https://t.co/mbiF5Exh28 
Developed by @ICGCGeostarters at @ICGCat. https://t.co/GnSG8TB0Gm",es,2020-11-26 17:35:45,4,5,"[{'text': '30DayMapChallenge', 'indices': [0, 18]}]",769592708,Valent√≠n Sastre,valen_ibiza,IBIZA / Barcelona,332,859,http://pbs.twimg.com/media/EnxEjklXEAEN_dy.jpg,https://twitter.com/twitter/statuses/1332015197276561409
147,1332011092026003458,"No point wasting good processed data, so here's another map off the back of my #30DayMapChallenge entry for elevation - Greece and the Aegean. Like this the Peloponnese looks like a massive reptilian hand reaching out into the Mediterranean, you can't convince me otherwise. https://t.co/xtCHEKB4HH",en,2020-11-26 17:19:26,2,11,"[{'text': '30DayMapChallenge', 'indices': [79, 97]}]",798523409286266880,Dan Harris,DiasporaDan,"Nethy Bridge, Scotland",1024,1567,http://pbs.twimg.com/media/EnxAc__WEAA0YSd.jpg,https://twitter.com/twitter/statuses/1332011092026003458
148,1332009929406902273,"Now as animation #30DayMapChallenge #COVID #Germany

Created with #rstats https://t.co/UevRr9uIbk",en,2020-11-26 17:14:49,3,8,"[{'text': '30DayMapChallenge', 'indices': [17, 35]}, {'text': 'COVID', 'indices': [36, 42]}, {'text': 'Germany', 'indices': [43, 51]}, {'text': 'rstats', 'indices': [66, 73]}]",733390000809730049,Richard Vogg,richard_vogg,Deutschland,90,161,http://pbs.twimg.com/tweet_video_thumb/Enw_foAWMAM92K1.jpg,https://twitter.com/twitter/statuses/1332009929406902273
149,1332009905390227462,"#30DayMapChallenge Day 26... New Tool

Really wanted to make a relief model
Blender gis add-on, but doesn't support Arctic latitudes. So, I played around with #Aerialod! so cool software! If there was an image overlay option I would felt in love!

Ellesmere Island 76,4¬∞N 85¬∞W https://t.co/Z9hDVOiP6u",en,2020-11-26 17:14:43,1,6,"[{'text': '30DayMapChallenge', 'indices': [0, 18]}, {'text': 'Aerialod', 'indices': [159, 168]}]",1200892211996635139,Danae Kontou,DanaeKontou,,35,99,http://pbs.twimg.com/tweet_video_thumb/Enw-5_wXIAAUr2e.jpg,https://twitter.com/twitter/statuses/1332009905390227462
150,1332006655932960774,"Jour 26 du #30DayMapChallenge 
Th√®me du jour : Une carte avec un nouvel outil
La carte d'aujourd'hui est le r√©sultat d'une heureuse co√Øncidence qui veut que dans un des mes cours, j'ai appris √† utiliser pour la premi√®re fois #Magrit . Voici le r√©sultat de ce TD üòäüòÉ https://t.co/8qAKkOMxTa",fr,2020-11-26 17:01:48,2,11,"[{'text': '30DayMapChallenge', 'indices': [11, 29]}, {'text': 'Magrit', 'indices': [225, 232]}]",1311399091,Lubin Picard,Lubin_Picard,,73,100,http://pbs.twimg.com/media/Enw8DFdXIAAY6mf.jpg,https://twitter.com/twitter/statuses/1332006655932960774
151,1332006652942290944,"#30DayMapChallenge Day 26 - A tool you've never tried before

I wanted to copy @Arnold_Platon's grid cartogram from Day 10, but I didn't want to manually place 6,100 squares.

So, using svgwrite, this is my first coding project since graduation. https://t.co/FLcPn1eVOm",en,2020-11-26 17:01:48,3,22,"[{'text': '30DayMapChallenge', 'indices': [0, 18]}]",851149914725916672,ksituan northland,ksituan,Val Marie / Treaty 4,1310,161,http://pbs.twimg.com/media/EnvHPJOVQAAwnK-.png,https://twitter.com/twitter/statuses/1332006652942290944
152,1332002911610662914,"#30DayMapChallenge 2020: #rspatial edition 

Day 25: COVID-19 - stay safe!

All maps can be found at https://t.co/UU6emtgce3.

#rstats #cartography https://t.co/yT35TFuTFY",en,2020-11-26 16:46:56,6,15,"[{'text': '30DayMapChallenge', 'indices': [0, 18]}, {'text': 'rspatial', 'indices': [25, 34]}, {'text': 'rstats', 'indices': [127, 134]}, {'text': 'cartography', 'indices': [135, 147]}]",2810559039,Jakub Nowosad,jakub_nowosad,,3962,215,http://pbs.twimg.com/media/Enw5iCTXYAEdNpz.jpg,https://twitter.com/twitter/statuses/1332002911610662914
153,1332002749488119809,Little Oakley picked the correct lake for our Thanksgiving get away #KeukaLake  #30DayMapChallenge ü§∑üê∂üåé https://t.co/DPVRcQuuvt,en,2020-11-26 16:46:17,1,5,"[{'text': 'KeukaLake', 'indices': [68, 78]}, {'text': '30DayMapChallenge', 'indices': [80, 98]}]",2267451021,Mark Safran,MappyMark,United States,558,753,http://pbs.twimg.com/media/Enw5cB3XEAUomTk.jpg,https://twitter.com/twitter/statuses/1332002749488119809
154,1331999770555027458,"#30DayMapChallenge
Map 26: Map with new tool (atleast for me)

I used axismaps' contours tool (https://t.co/1JgzDEaDiH) to create this beautiful contour map of Sanduru &amp; Tungabhadra in #Karnataka. Sanduru hills is the only place outside Western Ghats where #Neelakurinji blooms üòç https://t.co/tbDXd2jkyL",en,2020-11-26 16:34:27,11,101,"[{'text': '30DayMapChallenge', 'indices': [0, 18]}, {'text': 'Karnataka', 'indices': [189, 199]}, {'text': 'Neelakurinji', 'indices': [261, 274]}]",272936200,Raj Bhagat P #Mapper4Life,rajbhagatt,"Nagercoil, Tamil Nadu",17668,1723,http://pbs.twimg.com/media/Enw2s96VkAAUzmd.jpg,https://twitter.com/twitter/statuses/1331999770555027458
155,1331997700775161857,#30DayMapChallenge Day 26 : map with a new tool https://t.co/UJ584Rz0l8,en,2020-11-26 16:26:13,1,3,"[{'text': '30DayMapChallenge', 'indices': [0, 18]}]",233525664,Julien,JulienQuotidien,Le Havre,465,185,http://pbs.twimg.com/media/Enw0xYVW4AQtQ1n.jpg,https://twitter.com/twitter/statuses/1331997700775161857
156,1331997648967118848,"#30DayMapChallenge Day 26. New Tool. 
Not sure if I'd still call this a map: 3d ""map"" of @naturwald_wsl's 10 ha #forestresearch plot in the primeval beech forest of Uholka. 
Made with #Arielod. 
Data from https://t.co/1K94RWTMze https://t.co/VeWYLtmpZG",en,2020-11-26 16:26:01,1,5,"[{'text': '30DayMapChallenge', 'indices': [0, 18]}, {'text': 'forestresearch', 'indices': [112, 127]}, {'text': 'Arielod', 'indices': [184, 192]}]",993008496152064001,Jonas Stillhard,JonasStillhard,,117,256,http://pbs.twimg.com/media/Enw0vpCW4AUXb46.jpg,https://twitter.com/twitter/statuses/1331997648967118848
158,1331995922289586182,"#30DayMapChallenge 
Day 26 - New tool [Mappa.js / P5.js]

Hidalgo, M√©xico: Puntos de color y tama√±o aleatorio. https://t.co/zOiwc9aRdD",es,2020-11-26 16:19:09,2,5,"[{'text': '30DayMapChallenge', 'indices': [0, 18]}]",894755514571046915,The White Rabbit Science,whiterabbit_sci,,33,79,http://pbs.twimg.com/tweet_video_thumb/EnwzKCBWEAIgQc-.jpg,https://twitter.com/twitter/statuses/1331995922289586182
159,1331992303087529984,"Encore une carte de Grenoble en papiers peints, d√©chir√©s puis coll√©s. Grenoble map build with torn papers. 
Day 26 : map with a new tool.
#30DayMapChallenge #handmademap #mygrenoble #artgrenoble https://t.co/PQiAAzaJwq",fr,2020-11-26 16:04:46,1,11,"[{'text': '30DayMapChallenge', 'indices': [138, 156]}, {'text': 'handmademap', 'indices': [157, 169]}, {'text': 'mygrenoble', 'indices': [170, 181]}, {'text': 'artgrenoble', 'indices': [182, 194]}]",442982795,odile,odile_p,France,154,191,http://pbs.twimg.com/media/Enwv3InXEAAW61F.jpg,https://twitter.com/twitter/statuses/1331992303087529984
160,1331991102241595392,Day 27 - Big Data #30DayMapChallenge  Vegetation as a living breathing being in the RP. Used MODISNDVI Time Series in GEE. 20 years of data processed through @googleearth  allows us to observe and visualize long term changes in our regions of interest. How might we use this info? https://t.co/3mfgyltfX2,en,2020-11-26 16:00:00,1,2,"[{'text': '30DayMapChallenge', 'indices': [18, 36]}]",2599428001,Francis Gasgonia,seateazen,Philippines,89,312,http://pbs.twimg.com/ext_tw_video_thumb/1327789504015388673/pu/img/OeANJ39fTIZaXBQ9.jpg,https://twitter.com/twitter/statuses/1331991102241595392
161,1331989296866357248,Try a new tool it said. Define a tool... #30DayMapChallenge #day26 #tryanewtool #tinselmap https://t.co/I44jH4l3O9,en,2020-11-26 15:52:50,4,23,"[{'text': '30DayMapChallenge', 'indices': [41, 59]}, {'text': 'day26', 'indices': [60, 66]}, {'text': 'tryanewtool', 'indices': [67, 79]}, {'text': 'tinselmap', 'indices': [80, 90]}]",318026127,Craig Robson,CaRobson,Newcastle,190,205,http://pbs.twimg.com/media/EnwtCYuXYAMVIUq.jpg,https://twitter.com/twitter/statuses/1331989296866357248
162,1331984408535035904,"#30DayMapChallenge 

Day 26: Map with a new tool

I went for a stupid bike ride earlier, trying to cycle almost every street in Stannington in Sheffield so I could use @VeloViewer to create a contour 'map' of the area.

Colour reflects gradient. Red/yellow is up, blue is down. https://t.co/Y4DCdBTpLL",en,2020-11-26 15:33:24,3,29,"[{'text': '30DayMapChallenge', 'indices': [0, 18]}]",2213909976,Colin Angus,VictimOfMaths,,5256,602,http://pbs.twimg.com/media/Enwms66W8AQUTqm.jpg,https://twitter.com/twitter/statuses/1331984408535035904
164,1331983950521245698,"Day 26: new tool. Played around with different #QGIS rendering options to make hillshades move along with the path of sun over Baltics and Scandinavia. Although the end result does not look too realistic, it was still interesting to test it out. By @AgoTominga #30DayMapChallenge https://t.co/CQXwzZz8p2",en,2020-11-26 15:31:35,2,17,"[{'text': 'QGIS', 'indices': [47, 52]}, {'text': '30DayMapChallenge', 'indices': [261, 279]}]",1322101266793857026,Mobility Lab of University of Tartu,UT_moblab,Tartu,83,54,http://pbs.twimg.com/tweet_video_thumb/EnwmJRrXIAEEhyC.jpg,https://twitter.com/twitter/statuses/1331983950521245698
165,1331983559444336641,"Day 26 - New Tool

#30DayMapChallenge 

#ArcGISPro #Spyder 

I coded a #Python tool to create a basic feature with fields. You have the choice to add to a map and enable tacking.

Free to use for everyone!

https://t.co/eoknxh87VO

#Map #Mapping #Geospatial #Spatial #GIS https://t.co/PjAKemb4L0",en,2020-11-26 15:30:02,3,12,"[{'text': '30DayMapChallenge', 'indices': [19, 37]}, {'text': 'ArcGISPro', 'indices': [40, 50]}, {'text': 'Spyder', 'indices': [51, 58]}, {'text': 'Python', 'indices': [71, 78]}, {'text': 'Map', 'indices': [232, 236]}, {'text': 'Mapping', 'indices': [237, 245]}, {'text': 'Geospatial', 'indices': [246, 257]}, {'text': 'Spatial', 'indices': [258, 266]}, {'text': 'GIS', 'indices': [267, 271]}]",3160198320,Dr Chris #GIS #Success,DrChrisGeoSci,"Calgary, Alberta",734,656,http://pbs.twimg.com/media/Enwn_ROXcAAqMP-.jpg,https://twitter.com/twitter/statuses/1331983559444336641
166,1331983452707692544,"Day 26 #30DayMapChallenge Map with a new tool

Tried using #Blender for the first time using @pinakographos tutorial!

Sheffield City Centre, with only a couple of mistakes!

#NewSkills https://t.co/jmWTRUHFfz",en,2020-11-26 15:29:36,4,33,"[{'text': '30DayMapChallenge', 'indices': [7, 25]}, {'text': 'Blender', 'indices': [59, 67]}, {'text': 'NewSkills', 'indices': [175, 185]}]",223959960,Kirsten Reilly,_penguin_runner,"Stirling, Scotland",385,1215,http://pbs.twimg.com/media/Enwn1MKW4AEgkuN.png,https://twitter.com/twitter/statuses/1331983452707692544
167,1331982332492967938,"Day 26: Map with a new tool #30DayMapChallenge 
In love with #Aerialod and wonderful tutorials of @undertheraedar...mapped the forest cover of #India and marked the area with high and low forest cover
Data: https://t.co/82ra32q69a

#cartography #maps #forests #3dart https://t.co/NSotSqAiNz",en,2020-11-26 15:25:09,2,23,"[{'text': '30DayMapChallenge', 'indices': [28, 46]}, {'text': 'Aerialod', 'indices': [61, 70]}, {'text': 'India', 'indices': [143, 149]}, {'text': 'cartography', 'indices': [232, 244]}, {'text': 'maps', 'indices': [245, 250]}, {'text': 'forests', 'indices': [251, 259]}, {'text': '3dart', 'indices': [260, 266]}]",28133471,Nilanjan Chatterjee,footloose_nil,"Dehradun, India",271,264,http://pbs.twimg.com/media/Enwi-f2XEAE_TDi.jpg,https://twitter.com/twitter/statuses/1331982332492967938
168,1331978918648291332,"#30DayMapChallenge / November 2020 / Day26: Map with a New Tool / #ArcGIS API for #JavaScript
https://t.co/cZDcoG52qT
(RED/CYAN glasses needed) https://t.co/aCUErF4qtV",en,2020-11-26 15:11:35,1,9,"[{'text': '30DayMapChallenge', 'indices': [0, 18]}, {'text': 'ArcGIS', 'indices': [66, 73]}, {'text': 'JavaScript', 'indices': [82, 93]}]",374984100,Staridas Geography,StaridasGeo,Greece,416,448,http://pbs.twimg.com/media/EnwjWwwXIAMrJtR.jpg,https://twitter.com/twitter/statuses/1331978918648291332
169,1331978704973672448,Day 26 (New Tool) #30DayMapChallenge. Using the USGS Astrogeology hill shade for Mars. https://t.co/odTFDfiICt,en,2020-11-26 15:10:44,1,3,"[{'text': '30DayMapChallenge', 'indices': [18, 36]}]",1280909342745800710,Chris Lyons,ChrisLyons26,"Shelbyville, KY",214,2628,http://pbs.twimg.com/media/EnwjkipXIAA9rJs.jpg,https://twitter.com/twitter/statuses/1331978704973672448
170,1331978049873715201,"Day 26. Map with a new tool. I cheated a bit and used the expertize of my son, so actually he did it since I did not know what buttons to push. A map of our home and garden with #minecraft. It is becoming more elaborated as we speak. #30DayMapChallenge https://t.co/bSqhAxhl7f",en,2020-11-26 15:08:08,1,14,"[{'text': 'minecraft', 'indices': [178, 188]}, {'text': '30DayMapChallenge', 'indices': [234, 252]}]",3552542476,Sanna Jokela,SannaJokela1,"Turku, Suomi",542,409,http://pbs.twimg.com/media/Enwi-JAW8AAErDs.jpg,https://twitter.com/twitter/statuses/1331978049873715201
172,1331975665999110145,"#30DayMapChallenge
Day 26: new tool - https://t.co/gZq4q3JDyq
3 Years of Vehicle Collisions in Pennsylvania (data source: PennDOT). kepler has a lot of cool and easy to use tools that allow you to drag-n'-drop data (csv, json, or GeoJson) and turn them it into a FAST map. https://t.co/lLwStr2uG6",en,2020-11-26 14:58:40,2,26,"[{'text': '30DayMapChallenge', 'indices': [0, 18]}]",333524694,Christopher Pollard,CRVanPollard,"Philadelphia,PA",1069,1215,http://pbs.twimg.com/media/EnwfSA0WEAMsY8M.jpg,https://twitter.com/twitter/statuses/1331975665999110145
173,1331974242737516545,"#30DayMapChallenge - Day 26 - New Tool

I downloaded QGIS today and made my very first steps. Watching Youtube tutorials and trying out was a lot of fun. Beginning is always slow, but next time I will be thankful for the time I spent today. https://t.co/mjQ2lgkmsC",en,2020-11-26 14:53:01,1,12,"[{'text': '30DayMapChallenge', 'indices': [0, 18]}]",733390000809730049,Richard Vogg,richard_vogg,Deutschland,90,161,http://pbs.twimg.com/media/EnwfTMRWEAE62tA.jpg,https://twitter.com/twitter/statuses/1331974242737516545
174,1331973232849612801,"#30DayMapChallenge: New tool -- Market Island w #osm data. In my free time, I'm learning #QGIS w @klaskarlsson videos &amp; I'm blown away by some things (HOLY COW YOU CAN INVERT LAYERS?!), but also it doesn't feel great to be SO SLOW at something you know how to do in 2 secs in Pro. https://t.co/SUR2cWEkCw",en,2020-11-26 14:49:00,3,43,"[{'text': '30DayMapChallenge', 'indices': [0, 18]}, {'text': 'osm', 'indices': [48, 52]}, {'text': 'QGIS', 'indices': [89, 94]}]",741653561314922496,·µê·µÉ·µñ·µó·µÉÀ¢·µó‚Å±·∂úü•î‚Çñ‚Çê‚Çú‚Çë,pokateo_,"Ann Arbor, Michigan",2296,2385,http://pbs.twimg.com/media/Enn0uH2XEAEkK-j.jpg,https://twitter.com/twitter/statuses/1331973232849612801
175,1331972322601918464,"200¬µm long, 36¬µm high. Maybe the smallest map of the world. Fortress K√∂nigstein and Elbe valley in Saxon Switzerland/Germany. 3D printed with a 2PP printer @BAMResearch Thanks to @SachsenDe for the DEM
#30DayMapChallenge #3Dprinting @tjukanov https://t.co/kuHNroKiyD",en,2020-11-26 14:45:23,8,23,"[{'text': '30DayMapChallenge', 'indices': [202, 220]}, {'text': '3Dprinting', 'indices': [221, 232]}]",848993477702672384,Aluminiumoxynitrid,Aluminiumoxyni1,,61,157,http://pbs.twimg.com/media/EnwdwlvXcAAFbVq.jpg,https://twitter.com/twitter/statuses/1331972322601918464
176,1331972030980296704,"#Tenerife in 3D. I show my marathon of sampling plants in 2018 with @BioGeoMacro @FdezPalaciosLab. More than 500 sites visited in about 200 days. 

Also a bit late Frankenstein of #30DayMapChallenge 1. Points. 2. Lines. 24. Elevation 16.#Islands https://t.co/UmqaoX3qJa",en,2020-11-26 14:44:13,2,19,"[{'text': 'Tenerife', 'indices': [0, 9]}, {'text': '30DayMapChallenge', 'indices': [180, 198]}, {'text': 'Islands', 'indices': [237, 245]}]",923519114936832003,Paola Barajas,Paola_barbarbo,"G√∂ttingen, Germany",270,288,http://pbs.twimg.com/media/EnwcNSoXIAEASgM.jpg,https://twitter.com/twitter/statuses/1331972030980296704
177,1331968954902982656,"Happy #30DayMapChallenge day 26 (and Thanksgiving, if you're into that!). For today's theme (""new tool""), I played around with the lidR #rstats üì¶ for the first time, using a small subset of data from the central Adirondacks.

Interactive version: https://t.co/vamWE2pYdd https://t.co/EDTXCu9Yu2",en,2020-11-26 14:32:00,3,7,"[{'text': '30DayMapChallenge', 'indices': [6, 24]}, {'text': 'rstats', 'indices': [136, 143]}]",942194832491122688,Mike Mahoney,MikeMahoney218,"Syracuse, NY",466,323,http://pbs.twimg.com/media/EnmkiYDXcAEF2rK.png,https://twitter.com/twitter/statuses/1331968954902982656
178,1331968341209178112,"#30DayMapChallenge Day 26: Map with a new tool

For this one, I used https://t.co/G4YZUTV9Ez to generate contour polygons of Ireland's tallest mountain. It's a very intuitive and quick tool if you don't have a DEM! https://t.co/gCJJeR0h4P",en,2020-11-26 14:29:33,4,38,"[{'text': '30DayMapChallenge', 'indices': [0, 18]}]",437801734,Antonia Blankenberg,MapsByAntonia,"Dublin City, Ireland",266,462,http://pbs.twimg.com/media/EnwaJUjXcAkSaey.jpg,https://twitter.com/twitter/statuses/1331968341209178112
179,1331967005881229313,"#30DayMapChallenge - Day 26 - Map with a new tool // Carte avec un nouvel outil. 

Cartographic photograph of the lunar crater no. 735-B // Photographie cartographique du crat√®re lunaire 
n¬∞ 735-B  üåë

See previous maps : https://t.co/M674z8OdHC https://t.co/Q1w6CQKrlt",fr,2020-11-26 14:24:15,2,14,"[{'text': '30DayMapChallenge', 'indices': [0, 18]}]",1201838008359620609,Les Savoirs Ambulants,SavoirsEnBulles,Rennes,352,92,http://pbs.twimg.com/media/EnwY42SWEAE3QrC.jpg,https://twitter.com/twitter/statuses/1331967005881229313
180,1331959653933084672,"#30DayMapChallenge Day 26: ""Map with a new tool"" Sorry 'bout that! 

#gis #Geography #GeographyTeacher #Cartography #Maps #Map #Mapping #Landsat #USGS #Bible #Archaeology #Science #Israel #Egyptology #RemoteSensing https://t.co/zjfaBe0rkI",en,2020-11-26 13:55:02,0,3,"[{'text': '30DayMapChallenge', 'indices': [0, 18]}, {'text': 'gis', 'indices': [69, 73]}, {'text': 'Geography', 'indices': [74, 84]}, {'text': 'GeographyTeacher', 'indices': [85, 102]}, {'text': 'Cartography', 'indices': [103, 115]}, {'text': 'Maps', 'indices': [116, 121]}, {'text': 'Map', 'indices': [122, 126]}, {'text': 'Mapping', 'indices': [127, 135]}, {'text': 'Landsat', 'indices': [136, 144]}, {'text': 'USGS', 'indices': [145, 150]}, {'text': 'Bible', 'indices': [151, 157]}, {'text': 'Archaeology', 'indices': [158, 170]}, {'text': 'Science', 'indices': [171, 179]}, {'text': 'Israel', 'indices': [180, 187]}, {'text': 'Egyptology', 'indices': [188, 199]}, {'text': 'RemoteSensing', 'indices': [200, 214]}]",1137139989744144390,MyPhysicalWorld,my_physical,,46,65,http://pbs.twimg.com/media/EnwSPxnUcAA9CJ-.jpg,https://twitter.com/twitter/statuses/1331959653933084672
181,1331957934029479937,"#30DayMapChallenge 

Day 25: Covid

New cases in Denmark since March.

Broke my self imposed rule of Only-Greenland maps. We've had 18 cases total, and 0 active right now. Danish cases are most relevant to us rn.

Stay safe, nerds.

#rstats #rspatial #gganimate #COVID19dk https://t.co/ifSmvRm3sz",en,2020-11-26 13:48:12,3,9,"[{'text': '30DayMapChallenge', 'indices': [0, 18]}, {'text': 'rstats', 'indices': [233, 240]}, {'text': 'rspatial', 'indices': [241, 250]}, {'text': 'gganimate', 'indices': [251, 261]}, {'text': 'COVID19dk', 'indices': [262, 272]}]",45565875,Emil Malta ‚ùÑÔ∏è,emilmalta,Nuuk,202,960,http://pbs.twimg.com/tweet_video_thumb/EnwO7R9W8AY6J0N.jpg,https://twitter.com/twitter/statuses/1331957934029479937
182,1331957129201192964,"#30DayMapChallenge Day 26: Map with a new tool

A quick ten minutes play with https://t.co/9giR9RXNra for the first time to visualise a selection of some of the highest grossing concert tours - unsurprisingly some clear concentrations in the UK and US east/west coasts https://t.co/ndlG11fopd",en,2020-11-26 13:45:00,1,8,"[{'text': '30DayMapChallenge', 'indices': [0, 18]}]",309734801,Sam J,samwise_v,"London, UK",161,506,http://pbs.twimg.com/media/EnwPQwOWEAE_-jQ.jpg,https://twitter.com/twitter/statuses/1331957129201192964
183,1331951338532593667,"LETS GO GREEN! üíö

There is some great data about environmental green initiatives which are available to map but here we have a #GREEN map showing electric charge points for electric vehicles on the south cost of the UK üöò 

#Mapsimise #geospatial #30DayMapChallenge https://t.co/ze4cKbPrpB",en,2020-11-26 13:22:00,4,3,"[{'text': 'GREEN', 'indices': [127, 133]}, {'text': 'Mapsimise', 'indices': [223, 233]}, {'text': 'geospatial', 'indices': [234, 245]}, {'text': '30DayMapChallenge', 'indices': [246, 264]}]",1093125802076655617,Mapsimise,mapsimise,,346,708,http://pbs.twimg.com/media/EnRabVpXYAstcOB.png,https://twitter.com/twitter/statuses/1331951338532593667
185,1331945802223087618,"#30DayMapChallenge Day 26 - Map with a new tool
Well, it's officially the first time I'm making a map on Kepler! So here it is! This is -again- the GHS Population Grid for my hometown. But now it's on HEX, and with 3D visualization!
You can see it here: https://t.co/UEdsh4BWfc https://t.co/iv2qVfuL0Q",en,2020-11-26 13:00:00,1,6,"[{'text': '30DayMapChallenge', 'indices': [0, 18]}]",180939408,torts,tgsousa_,,904,1018,http://pbs.twimg.com/media/EntRCPrXEAEW2L6.jpg,https://twitter.com/twitter/statuses/1331945802223087618
186,1331945318313811968,"Day 24 &amp; 26 of #30DayMapChallenge - Elevation and map with a new tool. 3D model of Santorini Island volcano, Greece using Blender! #blender #3d #gis https://t.co/4FmgIm9eMC",en,2020-11-26 12:58:04,3,28,"[{'text': '30DayMapChallenge', 'indices': [19, 37]}, {'text': 'blender', 'indices': [135, 143]}, {'text': '3d', 'indices': [144, 147]}, {'text': 'gis', 'indices': [148, 152]}]",1322964052142936066,GeospatialJess,GeospatialJ,,40,31,http://pbs.twimg.com/media/EnwFLneW4AIIRNW.jpg,https://twitter.com/twitter/statuses/1331945318313811968
187,1331944838758080512,"Vous souhaitez la Justice fiscale et sociale? Alors soyez curieux! https://t.co/yczNr0MTJB  #AurelieDelm #wagegap @jackydurandlibe @FabienCazenave @CIsaacSibille @BriacTrebert @agnesfirmin @veroNguyen_ @BMartinot @jnbarrot @afpfr @Alex_Boudet @YvesBouloux 
#30DayMapChallenge https://t.co/2hxXoIx4TI",fr,2020-11-26 12:56:10,0,0,"[{'text': 'AurelieDelm', 'indices': [92, 104]}, {'text': 'wagegap', 'indices': [105, 113]}, {'text': '30DayMapChallenge', 'indices': [257, 275]}]",804382349735718913,ms,mlsene15,,14,20,http://pbs.twimg.com/media/EnwExaXW4AE4QVY.jpg,https://twitter.com/twitter/statuses/1331944838758080512
188,1331943735144439809,"#30DayMapChallenge 26 New tool (https://t.co/QbbaV3n62l): Grand canyon flythrough, happy #Thanksgiving! #javascript #webgl #threejs #dataviz https://t.co/OIT6bee9kR",en,2020-11-26 12:51:47,8,41,"[{'text': '30DayMapChallenge', 'indices': [0, 18]}, {'text': 'Thanksgiving', 'indices': [89, 102]}, {'text': 'javascript', 'indices': [104, 115]}, {'text': 'webgl', 'indices': [116, 122]}, {'text': 'threejs', 'indices': [123, 131]}, {'text': 'dataviz', 'indices': [132, 140]}]",261507594,Felix Palmer,pheeelicks,Prague,836,163,http://pbs.twimg.com/ext_tw_video_thumb/1331906504874749952/pu/img/BzCbqabYSa-U6G5L.jpg,https://twitter.com/twitter/statuses/1331943735144439809
189,1331943698687553537,#30DayMapChallenge - Elevation. Some of the most dramatic elevation I've encountered was hiking out of the Grand Canyon along the Bright Angel Trail in January.  It was a balmy 60F at dawn at Phantom Ranch and about 35F with snow when we reached the rim about 10 hours later. https://t.co/uuE1CjLMmy,en,2020-11-26 12:51:38,1,8,"[{'text': '30DayMapChallenge', 'indices': [0, 18]}]",721829381207887872,David Fox,ReynardSubtil,"Vermont, USA",75,172,http://pbs.twimg.com/media/EnwDcJJXYAA1PzC.jpg,https://twitter.com/twitter/statuses/1331943698687553537
190,1331943347846574081,#30DayMapChallenge day 26: use a new tool - experimenting with #mapnik @mapnik #python https://t.co/VDuIekzOYt rendering #soil texture in #Estonia üá™üá™ (data: EstSoil-EH Estonian soil database https://t.co/SjWYsu781N #opendata) https://t.co/fk9mvzfxrs,en,2020-11-26 12:50:15,3,9,"[{'text': '30DayMapChallenge', 'indices': [0, 18]}, {'text': 'mapnik', 'indices': [63, 70]}, {'text': 'python', 'indices': [79, 86]}, {'text': 'soil', 'indices': [121, 126]}, {'text': 'Estonia', 'indices': [138, 146]}, {'text': 'opendata', 'indices': [215, 224]}]",409168655,Alexander Kmoch,allixender,"Tartu, Eesti",266,215,http://pbs.twimg.com/media/EnwCVMmXEAAKBIK.jpg,https://twitter.com/twitter/statuses/1331943347846574081
191,1331941910550880256,#30DayMapChallenge #covid19data @Covid19Drc @DevelopersUp @ScienceRDC https://t.co/m1X4S2RUQQ Cases in #DRC https://t.co/6ITyNvKxac,en,2020-11-26 12:44:32,1,5,"[{'text': '30DayMapChallenge', 'indices': [0, 18]}, {'text': 'covid19data', 'indices': [19, 31]}, {'text': 'DRC', 'indices': [103, 107]}]",1354010112,Junior Cephas MBUYI,jr_cephas,R√©publique D√©mocratique Du Con,194,805,http://pbs.twimg.com/media/EnwCGk0W8AIq_2s.jpg,https://twitter.com/twitter/statuses/1331941910550880256
192,1331938517052743680,"#30daymapchallenge day 26 - a new tool. I used the #rstats package giscoR. Download Map Data from GISCO API - Eurostat. It is from 2020-11-23 and I really like it! Thanks to Diego Hernang√≥mez, Vincent Arel-Bundock and EuroGraphics https://t.co/okDlxGVGmX",en,2020-11-26 12:31:03,2,2,"[{'text': '30daymapchallenge', 'indices': [0, 18]}, {'text': 'rstats', 'indices': [51, 58]}]",3331095159,Jan-Philipp Kolb,JanPhilippKolb,,105,353,http://pbs.twimg.com/media/Env-_-sWEAE18vq.png,https://twitter.com/twitter/statuses/1331938517052743680
193,1331937702053285889,#30DayMapChallenge.. Day 26 map with a new tool. Finally tried #aerialod. Eyjafjallaj√∂kull. DEM from LM√ç https://t.co/caUkOEHytH https://t.co/vhNtNR1Mrz,is,2020-11-26 12:27:49,5,67,"[{'text': '30DayMapChallenge', 'indices': [0, 18]}, {'text': 'aerialod', 'indices': [63, 72]}]",363276700,Steven Kay,stevefaeembra,Edinburgh,886,339,http://pbs.twimg.com/media/Env916gXUAA-Ps1.jpg,https://twitter.com/twitter/statuses/1331937702053285889
194,1331932665600065536,"Day26: Map with a new tool
SDG Goal 13 Climate action
#30DayMapChallenge
#SDGs
Rising temperatures continue to melt records. The past decade was the hottest on record. https://t.co/7fyUpN8paf https://t.co/qFvzP8ZHKI",en,2020-11-26 12:07:48,3,2,"[{'text': '30DayMapChallenge', 'indices': [54, 72]}, {'text': 'SDGs', 'indices': [73, 78]}]",187171010,I.K.D,IKEDA_02,"Brisbane, Queensland üá¶üá∫üáØüáµ",104,482,http://pbs.twimg.com/media/Env5of6UwAEC0FM.jpg,https://twitter.com/twitter/statuses/1331932665600065536
196,1331922695492079617,"#30DayMapChallenge Day 26 Made new tech
After learning planetary mapmaking 2 days ago, now I learn Excel 3D maps inspired by a friend I helped on same. This shows where I've travelled / lived and how much I liked it... best part is that both exercises took ~ 1 hr. to stand up! https://t.co/2YtNjhMpnz",en,2020-11-26 11:28:11,1,4,"[{'text': '30DayMapChallenge', 'indices': [0, 18]}]",25663399,Andrew Zolnai,azolnai,"Cambridge, UK",711,997,http://pbs.twimg.com/media/EnvwLQyXUAEI5Mv.jpg,https://twitter.com/twitter/statuses/1331922695492079617
197,1331922554097963011,"#30DayMapChallenge Day 26: Map with a new tool

Correlation is not necessarily causation, but a strong correlation between several datasets plotted against one another can provide eye-opening insights.
Ask us for a closer demo of Kontur bivariate viewer to find them. https://t.co/60gET5B4Aa",en,2020-11-26 11:27:37,1,4,"[{'text': '30DayMapChallenge', 'indices': [0, 18]}]",1024584556110852096,Kontur,KonturInc,"1305 N. Holopono Street, Suite 2
Kihei HI 96753 
USA",233,316,http://pbs.twimg.com/media/EnvwWOrWMAEgpls.jpg,https://twitter.com/twitter/statuses/1331922554097963011
198,1331921933185650689,"#30DayMapChallenge @tjukanov Day 26: Map with a new tool my first @CesiumJS map of #India States &amp; UTs #COVID19 Cumulative Deaths as on 26-11-20
Visualization generated using #FME @SafeSoftware @CesiumJS Data Source: @MoHFW_INDIA
Thank You @PixelSoftek 
https://t.co/ublcrYU2Fm https://t.co/t2dm05mg1H",en,2020-11-26 11:25:09,2,5,"[{'text': '30DayMapChallenge', 'indices': [0, 18]}, {'text': 'India', 'indices': [83, 89]}, {'text': 'COVID19', 'indices': [107, 115]}, {'text': 'FME', 'indices': [179, 183]}]",105407287,SRG,Saint_GIS,"Chennai, India",134,89,http://pbs.twimg.com/media/EnvvvdrVEAAYNrr.jpg,https://twitter.com/twitter/statuses/1331921933185650689
199,1331921784908689408,"ÿßŸÑÿÆÿßÿ±ÿ∑ÿ© ÿßŸÑŸàÿ®ÿßÿ¶Ÿäÿ© ŸÑÿßŸÜÿ™ÿ¥ÿßÿ± ŸÅŸäÿ±Ÿàÿ≥ ŸÉŸàÿ±ŸàŸÜÿß ŸÅŸä ŸÇÿ∑ÿßÿπ ÿ∫ÿ≤ÿ© (ÿßŸÑÿ™ÿ≠ÿØŸäÿ´ ÿßŸÑÿ£ÿ≥ÿ®ŸàÿπŸä)
ÿ®ŸÑÿ∫ÿ™ ÿßŸÑÿ≤ŸäÿßÿØÿ© ÿßŸÑÿßÿ≥ÿ®ŸàÿπŸäÿ© 4218 ÿ≠ÿßŸÑÿ© ŸÖŸÜŸáŸÖ  26 ÿ≠ÿßŸÑÿ© ŸàŸÅÿßÿ©  Ÿàÿ™ÿπÿßŸÅŸä 1223
ŸàŸáÿ∞ÿß ŸäŸÜÿ∞ÿ± ÿ®ÿßŸÑÿßŸÜÿ™ÿ¥ÿßÿ± ÿßŸÑÿ≥ÿ±Ÿäÿπ Ÿà ÿπÿØŸÖ ÿßŸÑÿ≥Ÿäÿ∑ÿ±ÿ© ÿπŸÑŸâ ÿßŸÜÿ™ÿ¥ÿßÿ± ÿßŸÑŸàÿ®ÿßÿ° ŸÅŸä ÿßŸÑŸÇÿ∑ÿßÿπ 
#ÿßŸÑÿ≤ŸÖ_ÿ®Ÿäÿ™ŸÉ #ÿ•ŸÑÿ≤ŸÖ_ÿ®Ÿäÿ™ŸÉ_ÿ≠ŸÅÿßÿ∏ÿß_ÿπŸÑŸâ_ÿµÿ≠ÿ™ŸÉ
#GAZA
#GIS
#COVID19 #30DayMapChallenge https://t.co/Pfv7BTIRwR",ar,2020-11-26 11:24:34,1,1,"[{'text': 'ÿßŸÑÿ≤ŸÖ_ÿ®Ÿäÿ™ŸÉ', 'indices': [204, 214]}, {'text': 'ÿ•ŸÑÿ≤ŸÖ_ÿ®Ÿäÿ™ŸÉ_ÿ≠ŸÅÿßÿ∏ÿß_ÿπŸÑŸâ_ÿµÿ≠ÿ™ŸÉ', 'indices': [215, 240]}, {'text': 'GAZA', 'indices': [241, 246]}, {'text': 'GIS', 'indices': [247, 251]}, {'text': 'COVID19', 'indices': [252, 260]}, {'text': '30DayMapChallenge', 'indices': [261, 279]}]",390701058,ishaq,eshakss,"Iowa, USA",172,354,http://pbs.twimg.com/media/EnvvoIuW8AAsFiz.jpg,https://twitter.com/twitter/statuses/1331921784908689408
200,1331921184431149059,"#30DayMapChallenge Day 25 +1 COVID-19
Dashboard for Cambridgeshire in East Anglia maintained throughout pandemic based on https://t.co/3jpzwnESnk data inspired by https://t.co/eaAmA1CIOr dashboard https://t.co/44zvjpK86j",en,2020-11-26 11:22:10,2,0,"[{'text': '30DayMapChallenge', 'indices': [0, 18]}]",25663399,Andrew Zolnai,azolnai,"Cambridge, UK",711,997,http://pbs.twimg.com/media/EnvukpdXMAEhpX9.jpg,https://twitter.com/twitter/statuses/1331921184431149059
201,1331921039698300928,"Day 26 - New Tool #30DayMapChallenge

Since there have been so many amazing 3D images/animations from Blender during this challenge, I thought I would give it a go...

Thanks to @pinakographos for the easy to follow tutorial! https://t.co/GDaS6IJD4t",en,2020-11-26 11:21:36,3,54,"[{'text': '30DayMapChallenge', 'indices': [18, 36]}]",996835888813494272,Catherine Schroder,cj_maps,"Scotland, United Kingdom",82,96,http://pbs.twimg.com/media/EnvvGFsXEAM71IF.png,https://twitter.com/twitter/statuses/1331921039698300928
202,1331920747200212994,"#30DayMapChallenge day 26 - new tool üó∫Ô∏è

#NatureMap Explorer maps terrestrial areas of significance for conservation and restoration of biodiversity, carbon storage, and other ecosystem services. 

Check it out!
https://t.co/ceQwZtCE33

@KewScience @UNSDSN @IIASAVienna @iis_rio https://t.co/vDB7fg8e3T",en,2020-11-26 11:20:26,3,13,"[{'text': '30DayMapChallenge', 'indices': [0, 18]}, {'text': 'NatureMap', 'indices': [41, 51]}]",144993330,UNEP-WCMC,unepwcmc,"Cambridge, England",9322,2440,http://pbs.twimg.com/ext_tw_video_thumb/1331920679898386434/pu/img/MSBNszkaSdl9TS0p.jpg,https://twitter.com/twitter/statuses/1331920747200212994
203,1331920097431130113,"#30DayMapChallenge Day 26: Map with a new tool
In 2015 @UBLeiden started Maps in the Crowd: a #crowdsourcing project for #georeferencing. The georeferenced maps of the Van Keulen collection are now available in @OldMapsOnline https://t.co/xmeqt2gT4z",en,2020-11-26 11:17:51,8,21,"[{'text': '30DayMapChallenge', 'indices': [0, 18]}, {'text': 'crowdsourcing', 'indices': [94, 108]}, {'text': 'georeferencing', 'indices': [121, 136]}]",889150492751925250,Martijn Storms,MapStorms,,874,377,http://pbs.twimg.com/media/EnvuQ2gW8AQ6vta.jpg,https://twitter.com/twitter/statuses/1331920097431130113
204,1331919755528314880,"DAY26 #30DayMapChallenge üôå For today's 'map with a new tool', @alexsingleton presents 'mapmaker' (@CDRC_UK), which you can use to explore numerous CDRC datasets including the 'London Output Area Classification: https://t.co/P2f9cKWKXt, paper at:  https://t.co/mFomHn82bv https://t.co/OewE8I65Gj",en,2020-11-26 11:16:30,6,23,"[{'text': '30DayMapChallenge', 'indices': [6, 24]}]",2280343142,GeoDataScience,geodatascience,Liverpool,3784,1790,http://pbs.twimg.com/media/EnvtdbWXEAAd9xV.jpg,https://twitter.com/twitter/statuses/1331919755528314880
205,1331918199940583425,"The new mapping tool we've used for today's #30DayMapChallenge theme is @Datawrapper. We've created an interactive map to show Greater London's #greenspaces: https://t.co/GhVQ0Zonfw

https://t.co/2YKvfyca2x https://t.co/aDcjxetFUB",en,2020-11-26 11:10:19,1,13,"[{'text': '30DayMapChallenge', 'indices': [44, 62]}, {'text': 'greenspaces', 'indices': [144, 156]}]",22614266,Ordnance Survey,OrdnanceSurvey,"Southampton, UK",60667,3734,http://pbs.twimg.com/media/Envsi2eWEAAGRXO.jpg,https://twitter.com/twitter/statuses/1331918199940583425
207,1331915953244954625,#30DayMapChallenge #newtool https://t.co/2dFzGvLjEx,und,2020-11-26 11:01:23,4,12,"[{'text': '30DayMapChallenge', 'indices': [0, 18]}, {'text': 'newtool', 'indices': [19, 27]}]",782161298,Neil Harris 'UO web',Neil_py_harris,Newcastle-upon-Tyne,279,293,http://pbs.twimg.com/media/Envqbn5XIAIgs4A.jpg,https://twitter.com/twitter/statuses/1331915953244954625
208,1331914217612599297,"Day 26- map with a new tool
#30DayMapChallenge 
Location- #Wakefield, England
Data- @defra
Tools- @ephtracy #arielod
Description- Castle Hill in Wakefield. Thanks to @undertheraedar for the tutorial!
#GIS #gischat https://t.co/crRvjnHZtA",en,2020-11-26 10:54:29,5,39,"[{'text': '30DayMapChallenge', 'indices': [28, 46]}, {'text': 'Wakefield', 'indices': [58, 68]}, {'text': 'arielod', 'indices': [108, 116]}, {'text': 'GIS', 'indices': [200, 204]}, {'text': 'gischat', 'indices': [205, 213]}]",52190652,Oliver Burdekin,burdGIS,"Wakefield, England",1411,2976,http://pbs.twimg.com/media/Envo12BXEAEIIBm.jpg,https://twitter.com/twitter/statuses/1331914217612599297
209,1331913388247707648,"#30DayMapChallenge - map with a new tool
‚ÄûIt,s easy‚Äù they said, ‚Äûnothing can go wrong‚Äù they said ü§¶üèª‚Äç‚ôÄÔ∏è
tool: R https://t.co/jJ4Df7TU8W",en,2020-11-26 10:51:12,1,24,"[{'text': '30DayMapChallenge', 'indices': [0, 18]}]",2902589494,Patrycja Krajczy≈Ñska,mapsbyp,Poland,1074,1199,http://pbs.twimg.com/media/EnvoKitXYAISWml.jpg,https://twitter.com/twitter/statuses/1331913388247707648
210,1331913111549440001,"When running calculations, for multiple destination, use the contour by destination tool for seeing the data for each location

#30daymapchallenge #mapusinganewtool #contour #destination https://t.co/tJT2aQ1F1l",en,2020-11-26 10:50:06,0,1,"[{'text': '30daymapchallenge', 'indices': [128, 146]}, {'text': 'mapusinganewtool', 'indices': [147, 164]}, {'text': 'contour', 'indices': [165, 173]}, {'text': 'destination', 'indices': [174, 186]}]",49592380,Basemap,basemap,"Guildford, Surrey",1686,1645,http://pbs.twimg.com/media/Envn6eoXEAAHawZ.jpg,https://twitter.com/twitter/statuses/1331913111549440001
211,1331911989816397825,"#30DayMapChallenge Day 26: Map with a new tool.
Map of global attendees of @foss4guk online event earlier this year. Made using @d3js_org https://t.co/4QkvC856nR",en,2020-11-26 10:45:38,2,4,"[{'text': '30DayMapChallenge', 'indices': [0, 18]}]",18795658,Matt Travis,Yakus,"Ivybridge, Devon",529,746,http://pbs.twimg.com/media/EnvmlIgXMAESgQ2.jpg,https://twitter.com/twitter/statuses/1331911989816397825
212,1331911485648461826,"Day 26 of #30DayMapChallenge : Map with a new tool 

On day 17, I used a new tool, KeplerGL. Here is a map with that same tool and data, but focused on the age of F1‚Ñ¢ circuits in Europe. 

On the map, it is visible where the racing was born and how it spread to other worlds. https://t.co/71LJy8xaGo",en,2020-11-26 10:43:38,1,3,"[{'text': '30DayMapChallenge', 'indices': [10, 28]}]",191797663,Tomo üêΩ,tomodraco,"0,13",529,204,http://pbs.twimg.com/media/EnvmBKcXEAEj1wI.jpg,https://twitter.com/twitter/statuses/1331911485648461826
214,1331906191371472896,Day 25 (COVID-19) Daily Tweets Statistics and Top Favourited/‚ù§Ô∏è Maps. #30DayMapChallenge tweets dataset: https://t.co/SvrSyZC7aD https://t.co/cSRwJUOAAL,en,2020-11-26 10:22:36,1,3,"[{'text': '30DayMapChallenge', 'indices': [70, 88]}]",528087151,Haifeng Niu,niu_haifeng,"Cambridge, England",38,407,http://pbs.twimg.com/media/EnvhiLyXEAANUeY.png,https://twitter.com/twitter/statuses/1331906191371472896
215,1331901661661552640,"Day 26 (map with a new tool):  Deadly Crossings at the French-British border #30DayMapChallenge 
https://t.co/69VbpdVLZq https://t.co/18FSWpGMY6",en,2020-11-26 10:04:36,1,4,"[{'text': '30DayMapChallenge', 'indices': [77, 95]}]",1035417413586694144,neocarto,neocartocnrs,Paris,1534,385,http://pbs.twimg.com/media/EnvabX2XcAAVPHm.jpg,https://twitter.com/twitter/statuses/1331901661661552640
216,1331900505715404803,"Day 26- #30DayMapChallenge 
Theme: New Tool, visualised using Aerialod. Saw so many beautiful maps using Aerialod yesterday, I had to try it! Thanks to @undertheraedar for the tutorial! https://t.co/GX87IXoa06",en,2020-11-26 10:00:00,2,25,"[{'text': '30DayMapChallenge', 'indices': [8, 26]}]",636238090,Simon Leech,simonmleech,,46,148,http://pbs.twimg.com/media/EnfzBeKXEAI5OX4.png,https://twitter.com/twitter/statuses/1331900505715404803
217,1331900354372325377,"Day 26: new tool. First time using mapdecküì¶. Reproduced my map of Survivor season locations from day 15. Will definitely be using this package in the future! #R, #mapbox, and #deckgl https://t.co/Gr6vUoMdz8 #30DayMapChallenge https://t.co/TQ9MLhC2nY",en,2020-11-26 09:59:24,1,4,"[{'text': 'R', 'indices': [158, 160]}, {'text': 'mapbox', 'indices': [162, 169]}, {'text': 'deckgl', 'indices': [175, 182]}, {'text': '30DayMapChallenge', 'indices': [207, 225]}]",801318008912232449,Nick,nwbort,,8,263,http://pbs.twimg.com/media/EnvcHOwUwAI5V2y.jpg,https://twitter.com/twitter/statuses/1331900354372325377
218,1331900311024398336,"#30DayMapChallenge Day 24. Elevation

The elevation difference between adjacent cells of a DEM for the Iberian Peninsula. 

#dataviz #rspatial #rstats https://t.co/sixQG1401C",en,2020-11-26 09:59:14,10,46,"[{'text': '30DayMapChallenge', 'indices': [0, 18]}, {'text': 'dataviz', 'indices': [124, 132]}, {'text': 'rspatial', 'indices': [133, 142]}, {'text': 'rstats', 'indices': [143, 150]}]",895213223724666880,Dominic Roy√©,dr_xeo,"Santiago de Compostela, Espa√±a",2529,1003,http://pbs.twimg.com/media/EnvcO5YWEAATktY.jpg,https://twitter.com/twitter/statuses/1331900311024398336
219,1331897441713483776,"Day 26 of #30DayMapChallenge. Map with a new tool.

An #Aerialod oblique of wine country, @wildonwaiheke &amp; @tantalusestate on Waiheke Island; have I mentioned you should come and visit?

Built using the great introduction / tutorial by @undertheraedar. https://t.co/RvcgMbpZpI",en,2020-11-26 09:47:50,1,5,"[{'text': '30DayMapChallenge', 'indices': [10, 28]}, {'text': 'Aerialod', 'indices': [55, 64]}]",29162437,Kerrin Sime,kjsime," NZ, most of the time.",73,126,http://pbs.twimg.com/media/EnvZqd4VQAEd7vt.jpg,https://twitter.com/twitter/statuses/1331897441713483776
220,1331895125417619456,"#30DayMapChallenge
#Day26 Map with a new tool

3D render of Belle-√éle-en-Mer

Data : Sentinel @CopernicusEU / Litto3D Finist√®re 2014 @shom_fr 
 
Really interesting to test Blender.
I want to continue using it, so much things to do with it !

#Blender #Gimp https://t.co/RFpZ2JdD0h",en,2020-11-26 09:38:37,2,20,"[{'text': '30DayMapChallenge', 'indices': [0, 18]}, {'text': 'Day26', 'indices': [19, 25]}, {'text': 'Blender', 'indices': [242, 250]}, {'text': 'Gimp', 'indices': [251, 256]}]",938055192221765634,Aurelien Chaumet,AurelienChaumet,Ile d'Ol√©ron,568,1284,http://pbs.twimg.com/media/EnvXSc3XIAAStDV.jpg,https://twitter.com/twitter/statuses/1331895125417619456
221,1331894971151097858,"#30DayMapChallenge
Day 26: Map with a new tool

Geodemographic classification was certainly a new tool for me! Here we used it to investigate meat expenditure patterns as part of the @Pig_Sustain project. With @NikLomax, @LisaMCollins80 &amp; @Mark_Birkin 

https://t.co/OuiDjDMJTX https://t.co/OTeO12LPs0",en,2020-11-26 09:38:01,1,5,"[{'text': '30DayMapChallenge', 'indices': [0, 18]}]",1242400749864304640,William James,GeogWillJ,,58,147,http://pbs.twimg.com/media/EnvW01xXIAAT6nS.jpg,https://twitter.com/twitter/statuses/1331894971151097858
222,1331892426185859072,"OK, its not really a map but I got carried away and i'm VERY TIRED
#30DayMapChallenge
26 - Map with a new tool (Google Earth Studio) https://t.co/d3kXqCRK9K",en,2020-11-26 09:27:54,1,19,"[{'text': '30DayMapChallenge', 'indices': [67, 85]}]",2809999793,Owen Powell,owenjpowell,Leamington Spa,1893,288,http://pbs.twimg.com/ext_tw_video_thumb/1331892347764953088/pu/img/uLNoATrj8-bkmns-.jpg,https://twitter.com/twitter/statuses/1331892426185859072
223,1331889948962803714,"#30DayMapChallenge 

Day 26 - Map with a new tool

3D modelling software Fusion 360 isn't meant for this sort of thing, but I thought I'd give it a try.

Tools - Fusion 360 from @Autodesk_UKI
 
@bcsweb https://t.co/LtveeNGlyn",en,2020-11-26 09:18:03,2,10,"[{'text': '30DayMapChallenge', 'indices': [0, 18]}]",238730325,David McCutcheon,DVDMaps,"Shrewsbury, England",205,197,http://pbs.twimg.com/media/EnvSeWAXEAEI1N4.jpg,https://twitter.com/twitter/statuses/1331889948962803714
225,1331889485446074368,"Day 26 - New Tool #30DayMapChallenge . 
Oups, ""Tool"" was for fancy new QGIS plugins ?
Well, at least we found a way to use externalities from the #lockdown coping strategy üç∫ üòâ
For the record, we were not drinking, we were in an artistic process üé®üé≠üòÅ https://t.co/uVrvbDUGlJ",en,2020-11-26 09:16:13,1,11,"[{'text': '30DayMapChallenge', 'indices': [18, 36]}, {'text': 'lockdown', 'indices': [146, 155]}]",1218128277761593345,david Berre,davidBerre2,"Bobo-Dioulasso, Burkina Faso",99,123,http://pbs.twimg.com/media/EnvNamTW8AEoFAb.jpg,https://twitter.com/twitter/statuses/1331889485446074368
226,1331887370086584325,"#30DayMapChallenge Day 26 - New Tool. Also a tongue-twister: ""My New Knime Mine Map"". Knime is a general data pipeline tool with some OpenStreetMap mapping widgets. Here's a map showing some UK mine closure dates with map and histogram. https://t.co/1kpV9k9J1K",en,2020-11-26 09:07:48,3,10,"[{'text': '30DayMapChallenge', 'indices': [0, 18]}]",88731801,Barry Rowlingsonüê∫,geospacedman,"Lancaster, UK",1689,476,http://pbs.twimg.com/media/EnvQKOBWMAMJxLB.jpg,https://twitter.com/twitter/statuses/1331887370086584325
227,1331886065334927360,"Day 25 #30DayMapChallenge C19 

If you're not yet sick of C19, who are you really, but here's a previous analysis I did that has been pulling global data daily since Feb this year #rspatial 

Made w/ #rstats + @LeafletJS + HTML/CSS    

‚¨áÔ∏è + lots of code
https://t.co/lunIaSVEzS https://t.co/AmU5Zn3KRA",en,2020-11-26 09:02:37,4,3,"[{'text': '30DayMapChallenge', 'indices': [7, 25]}, {'text': 'rspatial', 'indices': [180, 189]}, {'text': 'rstats', 'indices': [200, 207]}]",2905624932,Matt Malishev,darwinanddavis,"Atlanta, GA",203,304,http://pbs.twimg.com/media/EnvOr8qVQAMxWzM.jpg,https://twitter.com/twitter/statuses/1331886065334927360
228,1331884586503204864,"#30DayMapChallenge Map with a new tool... OK, so its not exactly new, but it is impressive with 100s of viewshed calcs per second (depending) and taking distance decay, partial visibility etc into account. Working on a new version that will be even faster w/more functions. https://t.co/rpuYRqmvwX",en,2020-11-26 08:56:45,2,14,"[{'text': '30DayMapChallenge', 'indices': [0, 18]}]",734297005846081536,Steve Carver,LandEthics,"Yorkshire, England",2107,444,http://pbs.twimg.com/ext_tw_video_thumb/1331883942589452288/pu/img/HxKqRiNsLIszo_Bo.jpg,https://twitter.com/twitter/statuses/1331884586503204864
230,1331881955709870080,"Once more in a better format the video about the movement of people living in two neighbourhoods in Tallinn based on GPS data. Can you see the differences? 
Visualisation by @antoaasa  #30DayMapChallenge https://t.co/rnZOSKiFZO",en,2020-11-26 08:46:18,3,14,"[{'text': '30DayMapChallenge', 'indices': [185, 203]}]",1322101266793857026,Mobility Lab of University of Tartu,UT_moblab,Tartu,83,54,http://pbs.twimg.com/ext_tw_video_thumb/1331881829050298370/pu/img/GLxIa1gAwyFvM5ab.jpg,https://twitter.com/twitter/statuses/1331881955709870080
231,1331881423331061760,Day 26 of the #30DayMapChallenge: Map with a new tool. Pretty much phoning this one in due to time constraints. Amsterdam lidar using Aerialod. https://t.co/RSeHdwLLRi,en,2020-11-26 08:44:11,1,6,"[{'text': '30DayMapChallenge', 'indices': [14, 32]}]",1033774266880282624,Strath Slater,StrathSlater,"Edinburgh, Scotland",124,114,http://pbs.twimg.com/media/EnvLEAYXYAIHWqE.jpg,https://twitter.com/twitter/statuses/1331881423331061760
232,1331881157852614657,"Day 25- #covid
#30DayMapChallenge 
Location- Scotland, England, Wales, Northern Ireland
Data- @gdeltproject
Tools- @qgis @postgis
Description- Online news related to Covid with sentiment analysis.
#GIS #gischat #QGIS #bigquery https://t.co/QsFikZ4Z4j",en,2020-11-26 08:43:07,3,8,"[{'text': 'covid', 'indices': [8, 14]}, {'text': '30DayMapChallenge', 'indices': [15, 33]}, {'text': 'GIS', 'indices': [197, 201]}, {'text': 'gischat', 'indices': [202, 210]}, {'text': 'QGIS', 'indices': [211, 216]}, {'text': 'bigquery', 'indices': [217, 226]}]",52190652,Oliver Burdekin,burdGIS,"Wakefield, England",1411,2976,http://pbs.twimg.com/tweet_video_thumb/EnvKsk8XUAAn9dg.jpg,https://twitter.com/twitter/statuses/1331881157852614657
233,1331879370085060614,"#30DayMapChallenge
Day26 - creating a map with a new tool. Processing and visualising #LiDar data in #ArcScene is new to me. I extracted data for @NAFCShetland, merged it with bathymetry and used a tin for display. Need to work on surfaces. #NAFCResearch #ThinkUHI #GIS https://t.co/Wq3Pf5RWqK",en,2020-11-26 08:36:01,1,4,"[{'text': '30DayMapChallenge', 'indices': [0, 18]}, {'text': 'LiDar', 'indices': [86, 92]}, {'text': 'ArcScene', 'indices': [101, 110]}, {'text': 'NAFCResearch', 'indices': [241, 254]}, {'text': 'ThinkUHI', 'indices': [255, 264]}, {'text': 'GIS', 'indices': [265, 269]}]",1106525318553182209,Richard Shelmerdine,RLShelmerdine,"Scotland, United Kingdom",80,119,http://pbs.twimg.com/media/EnvJNA4WMAAZNtk.jpg,https://twitter.com/twitter/statuses/1331879370085060614
234,1331876518579089409,"#30DayMapChallenge Day 26: New Tool
@GeomniUK #UKMap Digital Surface Model data of Hyde Park and Kensington, London in #Aerialod. Lots of potential to explore. https://t.co/Q93XOD2oWC https://t.co/0SwZu7PeFd",en,2020-11-26 08:24:41,2,6,"[{'text': '30DayMapChallenge', 'indices': [0, 18]}, {'text': 'UKMap', 'indices': [46, 52]}, {'text': 'Aerialod', 'indices': [119, 128]}]",1268236531,Tom Timms,TomTheMap,"Cambridgeshire, UK",426,634,http://pbs.twimg.com/media/EnvGE_9XIAAnmJz.jpg,https://twitter.com/twitter/statuses/1331876518579089409
235,1331875904163880962,"#30DayMapChallenge day 26 - map with new tool
Specially saved #Aerialod for this day.
Same area and data as for my elevation map but with different approach
Thanks to @undertheraedar and his great instructions https://t.co/jBN0gUtAcL",en,2020-11-26 08:22:15,2,19,"[{'text': '30DayMapChallenge', 'indices': [0, 18]}, {'text': 'Aerialod', 'indices': [62, 71]}]",1273667699374260224,Tatiana,balt_ti,"–°–∞–Ω–∫—Ç-–ü–µ—Ç–µ—Ä–±—É—Ä–≥, –†–æ—Å—Å–∏—è",143,198,http://pbs.twimg.com/media/EnvFbddXUAEZX4H.jpg,https://twitter.com/twitter/statuses/1331875904163880962
236,1331875827752034304,"#30DayMapChallenge #Day26 #NewTool

Cartographie en linogravure de la ville de #leeuwarden ‚ù§Ô∏è au nord des üá≥üá± https://t.co/iJRVRudm5t",fr,2020-11-26 08:21:57,4,40,"[{'text': '30DayMapChallenge', 'indices': [0, 18]}, {'text': 'Day26', 'indices': [19, 25]}, {'text': 'NewTool', 'indices': [26, 34]}, {'text': 'leeuwarden', 'indices': [79, 90]}]",732695379288961026,ArtisansCartographes,Artisans_Cartos,www.cartapaname.fr,2150,925,http://pbs.twimg.com/media/EnvFv1KXUAMclPN.jpg,https://twitter.com/twitter/statuses/1331875827752034304
237,1331875609778266112,"üåçüç¨üá´üá∑Jour 26 du #30DayMapChallenge : une carte avec un nouvel outil

Moi quand je renverse du sucre sur le bureau de @GoumProd https://t.co/lWMOC3FMQV",fr,2020-11-26 08:21:05,2,44,"[{'text': '30DayMapChallenge', 'indices': [15, 33]}]",138790830,Jules Grandin,JulesGrandin,Paris,22551,1011,http://pbs.twimg.com/media/EnvFuXVWMAAc_t5.jpg,https://twitter.com/twitter/statuses/1331875609778266112
238,1331874652843429894,"Just wait until the right one comes along, God is going to blow your mind with a Love that you never knew existed ! 
#30DayMapChallenge 
#Believe https://t.co/RIz1TW0MAs",en,2020-11-26 08:17:16,7,35,"[{'text': '30DayMapChallenge', 'indices': [117, 135]}, {'text': 'Believe', 'indices': [137, 145]}]",718748141089132544,F√£t√Æm√•,Kan__Fatima,"London, England",2520,272,http://pbs.twimg.com/ext_tw_video_thumb/1331874622460059651/pu/img/myJ2Oi9Wdhzl5fhd.jpg,https://twitter.com/twitter/statuses/1331874652843429894
239,1331874230124875776,26. Map with a new tool: just another population map done with https://t.co/G5Z4K0fXWT  #30DayMapChallenge https://t.co/KFeTVfc5rT,en,2020-11-26 08:15:36,5,36,"[{'text': '30DayMapChallenge', 'indices': [88, 106]}]",47698876,Evelyn,evelynuuemaa,Estonia,511,296,http://pbs.twimg.com/media/EnvEJBeXEAAC9ZJ.jpg,https://twitter.com/twitter/statuses/1331874230124875776
240,1331873731787022340,"#30DayMapChallenge Day 26: New Tool. This tool has lots of potention! The treemonitor of Cobra Groeninzicht provided by Dirk Voets. Even treetypes, age and storage of CO2 are in this database and plenty more...
#QGIS #QGISNL #osgeo #envoirement #trees #CO2 https://t.co/5BjIXT2BpK",en,2020-11-26 08:13:37,0,2,"[{'text': '30DayMapChallenge', 'indices': [0, 18]}, {'text': 'QGIS', 'indices': [211, 216]}, {'text': 'QGISNL', 'indices': [217, 224]}, {'text': 'osgeo', 'indices': [225, 231]}, {'text': 'envoirement', 'indices': [232, 244]}, {'text': 'trees', 'indices': [245, 251]}, {'text': 'CO2', 'indices': [252, 256]}]",1270037817750630404,Mari√´lle Geers-Plasmans,geojuffie,Steenbergen,65,62,http://pbs.twimg.com/media/EnvEE1KXMAAsIDe.jpg,https://twitter.com/twitter/statuses/1331873731787022340
241,1331872842888208384,"Day 26 #30DayMapChallenge - New Tool

 Flight departures by Airport Germany

no rstats today - instead the wonderful @Datawrapper 

Definitely one of the fastest and easiest ways to get interactive maps online without any coding.
(I needed &lt;5 min)

Map: https://t.co/6SyKLrFSst https://t.co/I3B4qEm8Tv",en,2020-11-26 08:10:05,2,12,"[{'text': '30DayMapChallenge', 'indices': [7, 25]}]",3011804639,Alexandra Kapp,lxndrkp,"Berlin, Deutschland",675,499,http://pbs.twimg.com/media/EnvCRD9XIAAY-bC.jpg,https://twitter.com/twitter/statuses/1331872842888208384
242,1331871932506140673,"#30DayMapChallenge Day 26: New tool. This Lockdown Churches Tour map is on a sheet of watercolour paper, so a larger format than previously. Churches visited on first #lockdown between 01/04 and 31/05/20. #Dorset https://t.co/KbPxG7GQGO",en,2020-11-26 08:06:28,2,11,"[{'text': '30DayMapChallenge', 'indices': [0, 18]}, {'text': 'lockdown', 'indices': [167, 176]}, {'text': 'Dorset', 'indices': [205, 212]}]",1074378707438055426,Blandford Bread,BlandfordBread,"South West, England",464,833,http://pbs.twimg.com/media/EnvCZieWMAEk22E.jpg,https://twitter.com/twitter/statuses/1331871932506140673
243,1331871851811917826,"#30DayMapChallenge COVID-19 , Nombre de morts par pays au 25 Novembre 2020, Johns Hopkins CSSE, Qgis #COVID19 https://t.co/UCaYZFZBW2",fr,2020-11-26 08:06:09,1,5,"[{'text': '30DayMapChallenge', 'indices': [0, 18]}, {'text': 'COVID19', 'indices': [101, 109]}]",2493409233,Africa & Geomatique,geocarta,,308,172,http://pbs.twimg.com/media/EnvCXWGWMAAQQCk.jpg,https://twitter.com/twitter/statuses/1331871851811917826
244,1331871594327789572,"Estoy preparando una nueva web, as√≠ que para el #30DayMapChallenge de hoy tengo un mapa del % de poblaci√≥n extranjera en Espa√±a (peninsular) por provincias.

Intu√≠a el dato pero no cre√≠a que fuera tan acentuado.

Datos del @es_INE del Censo de 2011 y geometr√≠a del @IGNSpain . https://t.co/JZZTEf9XpO",es,2020-11-26 08:05:07,1,0,"[{'text': '30DayMapChallenge', 'indices': [48, 66]}]",1205192839145111557,X-Y.es,x_y_es,Las Palmas de Gran Canaria,83,115,http://pbs.twimg.com/media/EnvBiJrXUAE-x_5.jpg,https://twitter.com/twitter/statuses/1331871594327789572
245,1331871196607098881,"Day 26 #30DayMapChallenge- new tool.
J'ai sorti les goujes !

Direction Les Hautes-Alpes. Souvenir d'une belle randonn√©e !

How it's started... https://t.co/DNViPjzarw",fr,2020-11-26 08:03:32,4,42,"[{'text': '30DayMapChallenge', 'indices': [7, 25]}]",1026155967480844291,Anne L.,AlandcoC,Versailles ,815,792,http://pbs.twimg.com/media/EnvBwsDXEAEzwm_.jpg,https://twitter.com/twitter/statuses/1331871196607098881
246,1331870999025946624,"Day 26 of #30DayMapChallenge: I created a new tool to easily and quickly create a map

TweetMyMap: https://t.co/sVwsyiQrFC

Current version is 0.5.0: you can use either @Twitter emoji or browser emoji, search @unicode by name, change basemap/frame

Any volunteer for testing ? üòú https://t.co/NkpQ1lljMM",en,2020-11-26 08:02:45,1,7,"[{'text': '30DayMapChallenge', 'indices': [10, 28]}]",1226081200214814721,me & maps,meandmaps,paris,262,1150,http://pbs.twimg.com/media/EnvAEpcXIAI7luf.jpg,https://twitter.com/twitter/statuses/1331870999025946624
247,1331870556514181120,"#30DayMapChallenge Day 26: map with a new tool

#sneakpeek of forthcoming #thematicmapping book: 101 ways to map same data

History of presidential elections as polar area charts using new tool currently in development for ArcGIS Pro (waffle grids, polar area charts, cartograms) https://t.co/uVq8SbJCrT",en,2020-11-26 08:01:00,2,9,"[{'text': '30DayMapChallenge', 'indices': [0, 18]}, {'text': 'sneakpeek', 'indices': [48, 58]}, {'text': 'thematicmapping', 'indices': [74, 90]}]",20668314,Kenneth Field,kennethfield,"Redlands, CA & global",12438,104,http://pbs.twimg.com/media/EnoKdWfUcAEa6at.jpg,https://twitter.com/twitter/statuses/1331870556514181120
248,1331870004623646721,"#30DayMapChallenge Day 26
üñºEtymologiae. Mapa T-O‚åõÔ∏è623 (1472)
üé®San Isidoro/G√ºnther Zainer
üèõ@ransomcenter
üëâhttps://t.co/Ea6Q5bhJw5
Primer mapa impreso con una nueva üîß, la imprenta de tipos m√≥viles de Gutenberg de 1400. Muestra la concepci√≥n tripartita del mundo medieval https://t.co/cxE5S8cnI2",es,2020-11-26 07:58:48,1,1,"[{'text': '30DayMapChallenge', 'indices': [0, 18]}]",92787154,Esteban Escolano Molin,e2molin,"Madrid, Spain, Europe",462,1060,http://pbs.twimg.com/media/Enu8LRQXIAE_U5_.jpg,https://twitter.com/twitter/statuses/1331870004623646721
249,1331868615021387776,"#30DayMapChallenge Day 26 | Map with a new tool

When you start playing with a new tool, you never know what can happen! Here's the fantasy world created with the super nice Inkarnate (https://t.co/ASPhPGZjgW)!

PS: can you find the *2* Tyrannosaurus Rex ü¶ñü¶ñ in the map? https://t.co/ZfFFX01HYD",en,2020-11-26 07:53:17,2,11,"[{'text': '30DayMapChallenge', 'indices': [0, 18]}]",1669906789,Marco Minghini,MarcoMinghini,"Como, Italy",1078,709,http://pbs.twimg.com/media/Enu-zukXYAAmHPU.jpg,https://twitter.com/twitter/statuses/1331868615021387776
250,1331867282880999424,Day 26 of #30DayMapChallenge : New Tool. This @waveshare00 e-ink display was sitting in a drawer for ages. Perfect reason to get started. The #raspberrypi controls the display. Once graphic is loaded power can be turned off. Only accepts b/w bmp. Code: https://t.co/k5yOA0Tyy9 https://t.co/IiKiIZhDKU,en,2020-11-26 07:47:59,2,9,"[{'text': '30DayMapChallenge', 'indices': [10, 28]}, {'text': 'raspberrypi', 'indices': [142, 154]}]",7541002,Sebastian Meier,seb_meier,,1281,141,http://pbs.twimg.com/media/Enu9AOeXcAAh3SS.jpg,https://twitter.com/twitter/statuses/1331867282880999424
251,1331866529940455425,"Day 26. Map with a new tool #30DayMapChallenge
‚û°Ô∏èArabesque : https://t.co/LymZAKWJdb

Under development tool. To contribute: 
https://t.co/yjfScLcckS

‚úÖExploring the geovizualisation of international migrations flows https://t.co/ORtwzz2sbf",en,2020-11-26 07:45:00,4,21,"[{'text': '30DayMapChallenge', 'indices': [28, 46]}]",2302174415,Fran√ßoise Bahoken,fbahoken,"Paris, France",2479,1052,http://pbs.twimg.com/media/Ens4LZRWMAYxs8b.jpg,https://twitter.com/twitter/statuses/1331866529940455425
252,1331863050882846720,Day 26: map with a new tool. SARS 1 cases with Excel 3D map. Awful! :) #30DayMapChallenge https://t.co/pW4ygCpl9z,en,2020-11-26 07:31:10,1,7,"[{'text': '30DayMapChallenge', 'indices': [71, 89]}]",113729499,Anto Aasa,antoaasa,"Tartu, Eesti",94,67,http://pbs.twimg.com/media/Enu6XJIWEAAxP6c.jpg,https://twitter.com/twitter/statuses/1331863050882846720
253,1331862755759022082,"Most common final components in Scottish place-names
Made using the 'join attributes by location (summary)' tool which @tjukanov directed me to after I couldn't figure out how to do what I wanted to do for day 10.
#30DayMapChallenge #Day26 #NewTool #QGIS #GIMP https://t.co/x9HH3bv2jx",en,2020-11-26 07:30:00,10,46,"[{'text': '30DayMapChallenge', 'indices': [214, 232]}, {'text': 'Day26', 'indices': [233, 239]}, {'text': 'NewTool', 'indices': [240, 248]}, {'text': 'QGIS', 'indices': [249, 254]}, {'text': 'GIMP', 'indices': [255, 260]}]",1081900377853829120,D&G place-names,dgplacenames,,601,305,http://pbs.twimg.com/media/EntI25_XIAIXeOk.jpg,https://twitter.com/twitter/statuses/1331862755759022082
254,1331861496494780423,"#30DayMapChallenge Day 26 | New Tool

This really should be an OD map, but I wanted to have a go with @mapbox. Only one person to ask and that's @jonni_walker who took my idea and turned it into reality  allowing me to learn how he done it. Thanks Jonni. https://t.co/gFsbZ6MLRh",en,2020-11-26 07:25:00,1,13,"[{'text': '30DayMapChallenge', 'indices': [0, 18]}]",2614024302,Rob Radburn,robradburn,"Leicester, UK",3188,756,http://pbs.twimg.com/media/EnnnmE4WMAAyF0r.jpg,https://twitter.com/twitter/statuses/1331861496494780423
255,1331858600650813441,"#30DayMapChallenge day 26 map with a new tool
@Blender. First test. Something went wrong....ü§î Elevation didn't connect with the maplayer. https://t.co/sDHCX3M9wi",en,2020-11-26 07:13:29,1,2,"[{'text': '30DayMapChallenge', 'indices': [0, 18]}]",919806358328958976,Vicky Verscheijden,gis3700,"Tongeren, Belgi√´",81,145,http://pbs.twimg.com/media/Enu17iLW8AQOls-.jpg,https://twitter.com/twitter/statuses/1331858600650813441
256,1331851389765644288,#30DayMapChallenge day 26:map with a new tool. Le karcher? https://t.co/4aqBUYzwhY,en,2020-11-26 06:44:50,32,244,"[{'text': '30DayMapChallenge', 'indices': [0, 18]}]",1189967197730430977,Julien Dupont Kobri,Kartokobri,,246,145,http://pbs.twimg.com/media/EnuvwMWW4Ace5uo.jpg,https://twitter.com/twitter/statuses/1331851389765644288
257,1331850218548158464,"#30DayMapChallenge / November 2020 / Day26: Map with a New Tool. Combined layers and blend modes in the #ArcGIS API for #JavaScript to produce this #WebMap, which depicts the relief of #Japan in #3DAnaglyph. A pair of RED/CYAN glasses is necessary.
https://t.co/yOFJpssXVp https://t.co/dwoCeeAZoC",en,2020-11-26 06:40:11,1,6,"[{'text': '30DayMapChallenge', 'indices': [0, 18]}, {'text': 'ArcGIS', 'indices': [104, 111]}, {'text': 'JavaScript', 'indices': [120, 131]}, {'text': 'WebMap', 'indices': [148, 155]}, {'text': 'Japan', 'indices': [185, 191]}, {'text': '3DAnaglyph', 'indices': [195, 206]}]",374984100,Staridas Geography,StaridasGeo,Greece,416,448,http://pbs.twimg.com/media/EnuuS7hXcAIITIz.jpg,https://twitter.com/twitter/statuses/1331850218548158464
258,1331847656046522369,"#30DayMapChallenge 26. diena. Jauns rƒ´ks. IzkƒÅvos ar SPKC datiem, lai tos dab≈´tu lietojamƒÅ veidƒÅ un izmƒìƒ£inƒÅju QGIS TimeManager spraudni, lai attƒìlotu 14 dienu COVID-19 kumulatƒ´vo saslimstƒ´bu pa≈°valdƒ´bƒÅs, kop≈° to oktobra vid≈´ sƒÅka rƒìƒ∑inƒÅt. https://t.co/ElVJ0QoO30",lv,2020-11-26 06:30:00,4,7,"[{'text': '30DayMapChallenge', 'indices': [0, 18]}]",137107982,Zane,atdodkonfektes,,136,121,http://pbs.twimg.com/tweet_video_thumb/EnsYmltXYAAanRG.jpg,https://twitter.com/twitter/statuses/1331847656046522369
259,1331847525112946690,"#30DayMapChallenge Day 26 &amp; map with a new tool.

Dorling cartogram with #GeoDa. Map of Finland where circle size representing number of people and circle color representing share of elderly people. https://t.co/Hjice5KZ9O",en,2020-11-26 06:29:29,5,88,"[{'text': '30DayMapChallenge', 'indices': [0, 18]}, {'text': 'GeoDa', 'indices': [77, 83]}]",2198358416,Topi Tjukanov,tjukanov,"Helsinki, Suomi",12117,2525,http://pbs.twimg.com/media/Enur3xDW8AE9iWP.png,https://twitter.com/twitter/statuses/1331847525112946690
260,1331844193011036162,"#30DayMapChallenge  Map with a new tool (Illustrator)

üç∑Appellations viticoles de la vall√©e du Rh√¥ne

üç∑Rh√¥ne wine region

#wine #winelover #vin https://t.co/G6lXVkaFoA",fr,2020-11-26 06:16:14,6,45,"[{'text': '30DayMapChallenge', 'indices': [0, 18]}, {'text': 'wine', 'indices': [122, 127]}, {'text': 'winelover', 'indices': [128, 138]}, {'text': 'vin', 'indices': [139, 143]}]",892006500,Romain Lx,lacxrx,Vaucluse,712,257,http://pbs.twimg.com/media/EnuoJcOXYAg-ahu.png,https://twitter.com/twitter/statuses/1331844193011036162
261,1331841690370379776,"#30DayMapChallenge, day 26 (bathymetry): The bathymetry of #Belize's territorial sea and Exclusive Economic Zone, illustrated in a map we prepared for @OceanaBelize a few years ago - an effort which led to offshore oil drilling being banned in Belize. üôÇ
https://t.co/8AsYufsix9 https://t.co/KYrs2dreqE",en,2020-11-26 06:06:18,2,2,"[{'text': '30DayMapChallenge', 'indices': [0, 18]}, {'text': 'Belize', 'indices': [59, 66]}]",731808469301493760,üáßüáø Belize GEO üõ∞Ô∏è,BZgeo,Belize,4336,3970,http://pbs.twimg.com/media/Enum9W3VcAE4yq7.jpg,https://twitter.com/twitter/statuses/1331841690370379776
262,1331833449888571392,"#30daymapchallenge day 25 - covid19 map for the 24. November 2020 - cases per population. The data is from the great https://t.co/jukrdXZFnW. I used the #rstats packages COVID19, maptools ans sp. Thanks to Emanuele Guidotti, David Ardia and many more. https://t.co/7qHVn6ARJA",en,2020-11-26 05:33:33,2,3,"[{'text': '30daymapchallenge', 'indices': [0, 18]}, {'text': 'rstats', 'indices': [153, 160]}]",3331095159,Jan-Philipp Kolb,JanPhilippKolb,,105,353,http://pbs.twimg.com/media/Enufa9aXcAI5ecS.png,https://twitter.com/twitter/statuses/1331833449888571392
263,1331832025955745792,"Day 25 of #30DayMapChallenge COVID-19
Santa Clara county, CA USA https://t.co/leg01nxScU",en,2020-11-26 05:27:53,1,1,"[{'text': '30DayMapChallenge', 'indices': [10, 28]}]",1322740260422385665,Anat Zohar,AnatZohar4,,2,19,http://pbs.twimg.com/tweet_video_thumb/Enud-P2VgAA8sqf.jpg,https://twitter.com/twitter/statuses/1331832025955745792
264,1331831045797326848,"#30DayMapChallenge Day 25: Covid-19. So yesterday was a very busy day for me and I couldn't come up with the map for yesterday's challenge.
I've always seen ""covid-19 info"" on @googlemaps everytime I open d app, but have never really viewed it. Really good work put together... https://t.co/BFXm4o71az",en,2020-11-26 05:24:00,1,0,"[{'text': '30DayMapChallenge', 'indices': [0, 18]}]",374459093,Jannah_A,zinnie__A,"Kaduna, Nigeria.",210,236,http://pbs.twimg.com/media/EnudQ8iXYAECxxn.jpg,https://twitter.com/twitter/statuses/1331831045797326848
265,1331830882596835330,"#30DayMapChallenge, day 25 (#COVID19) - A recent map of COVID-19 cases per each of #Belize's administrative Districts, courtesy of the Ministry of Health.
https://t.co/hqVjWNzElK https://t.co/7RVKPp2eph",en,2020-11-26 05:23:21,1,2,"[{'text': '30DayMapChallenge', 'indices': [0, 18]}, {'text': 'COVID19', 'indices': [28, 36]}, {'text': 'Belize', 'indices': [83, 90]}]",731808469301493760,üáßüáø Belize GEO üõ∞Ô∏è,BZgeo,Belize,4336,3970,http://pbs.twimg.com/media/EnudIQGVoAABcST.jpg,https://twitter.com/twitter/statuses/1331830882596835330
266,1331829612935077888,"Aqu√≠ un mapita con buffer que hice el otro d√≠a en la clase de @Juanizio_C ü§ì

Todav√≠a no s√© colocar leyenda jajsj, as√≠ que adivinen que muestra.

Pista: educaci√≥n üëÄ
#30DayMapChallenge https://t.co/ws57Lpqhvb",es,2020-11-26 05:18:18,2,24,"[{'text': '30DayMapChallenge', 'indices': [164, 182]}]",536837676,Joaqu√≠n Migone F.,Joaco__mf,,140,539,http://pbs.twimg.com/media/Enub-SoWEAEz1w1.jpg,https://twitter.com/twitter/statuses/1331829612935077888
267,1331827225285578752,"Day 26 of #30DayMapChallenge - New tool

I installed @qgis and created my first simple project after following a 20-minute introduction tutorial and a few google searches.
I am happy with the result. Will use the tool more in the future.

Tool: qgis https://t.co/aeEJs3alrF",en,2020-11-26 05:08:49,1,15,"[{'text': '30DayMapChallenge', 'indices': [10, 28]}]",950089955753250816,Jose Maria Echave Sanz,assesslife,Helsinki,200,394,http://pbs.twimg.com/media/EnuZfBuXEAELgPw.jpg,https://twitter.com/twitter/statuses/1331827225285578752
268,1331816648165253121,"#30DayMapChallenge Dia 25. Covid19. 

En esta ocasi√≥n les comparto dos mapas de un mismo fen√≥meno: los casos de COVID registrados por municipio en el estado de #Morelos al 25/11 . Uno hecho por mi, y otro por la S Salud del Estado, utilizando una paleta de colores parecida. https://t.co/7iPK4YyosG",es,2020-11-26 04:26:47,4,25,"[{'text': '30DayMapChallenge', 'indices': [0, 18]}, {'text': 'Morelos', 'indices': [160, 168]}]",260088313,Juvenal,JuvenalCamposF,"Ocuituco, Morelos",879,807,http://pbs.twimg.com/media/EnuP-DbXYAAryvF.jpg,https://twitter.com/twitter/statuses/1331816648165253121
270,1331809910355599360,"#30DayMapChallenge Day 25: COVID-19. The current state of Brooklyn's ""Open Streets"". For the official maps/hours/etc see https://t.co/jAhNkPmxGX https://t.co/Jxy5z4MZUs",en,2020-11-26 04:00:01,1,5,"[{'text': '30DayMapChallenge', 'indices': [0, 18]}]",215404498,Ariel Kadouri,akadouri,,144,387,http://pbs.twimg.com/media/EnuJnEdXMAACqF4.jpg,https://twitter.com/twitter/statuses/1331809910355599360
271,1331802590775037952,"COVID-19 India: Trends in daily new cases reported across India.

Looking at 7-day moving average of new cases at district (/city) level.

#30DayMapChallenge Day 25: COVID-19
Data from @covid19indiaorg @howindialives Made with @matplotlib #python https://t.co/FzhCPVQuXN",en,2020-11-26 03:30:55,6,16,"[{'text': '30DayMapChallenge', 'indices': [139, 157]}, {'text': 'python', 'indices': [239, 246]}]",1234136874,Pratap Vardhan,PratapVardhan,"Princeton, NJ",1003,148,http://pbs.twimg.com/ext_tw_video_thumb/1331802305629474816/pu/img/0fSf89mNbE49ga8t.jpg,https://twitter.com/twitter/statuses/1331802590775037952
272,1331801689968488448,"#30DayMapChallenge, day 25, theme is Corvid 19? Did I read that right? https://t.co/nejAzlYApV",en,2020-11-26 03:27:21,4,45,"[{'text': '30DayMapChallenge', 'indices': [0, 18]}]",14913762,vicky johnson-dahl,hurricanevicky,"Washington, DC",999,860,http://pbs.twimg.com/media/EnuCjQtXYAM9zxp.jpg,https://twitter.com/twitter/statuses/1331801689968488448
273,1331799930407591936,"üó∫Ô∏è#30dayMapChallenge Elevation. Had much fun playing with Joyplot. Tool: QGIS + Figma. 
I followed this straightforward QGIS tutorial: https://t.co/Y6jjanqcoo https://t.co/PfdwifeW6L",en,2020-11-26 03:20:21,1,47,"[{'text': '30dayMapChallenge', 'indices': [2, 20]}]",1160963883860762624,Wendy Shijia,ShijiaWendy,"Shanghai, China",1197,709,http://pbs.twimg.com/media/Ent_vJLVgAAVh8C.jpg,https://twitter.com/twitter/statuses/1331799930407591936
274,1331789773933985792,Day 26 - New Tool #30DayMapChallenge determining bathymetry boundaries from Landsat 8 imagery using NearShoreBathymetry #QGIS plugin. Tested with sample data. Potential for future use in shallow maritime observations for landscape archaeology as an alternative to InSAR data. https://t.co/moI3aYcdC0,en,2020-11-26 02:40:00,2,7,"[{'text': '30DayMapChallenge', 'indices': [18, 36]}, {'text': 'QGIS', 'indices': [120, 125]}]",2599428001,Francis Gasgonia,seateazen,Philippines,89,312,http://pbs.twimg.com/ext_tw_video_thumb/1331789203613487104/pu/img/VufhbSrbBohnZIpw.jpg,https://twitter.com/twitter/statuses/1331789773933985792
275,1331786897966858243,"#30DayMapChallenge ""COVID-19"" Sorry for a sobering topic on Thanksgiving eve. For this map, we compare @Unacast social distancing scores to known per capita COVID-19 cases across the US. Mapped on Nov 15 &amp; again on Nov 24. @ArcGISPro @LivingAtlas https://t.co/h5HXvJwNeY",en,2020-11-26 02:28:34,8,22,"[{'text': '30DayMapChallenge', 'indices': [0, 18]}]",1491031412,J Peter Squared,JPeterPeters,"Westminster, CO",481,1047,http://pbs.twimg.com/media/Ent1DwWUwAI9WZh.jpg,https://twitter.com/twitter/statuses/1331786897966858243
276,1331781879054393344,"D√≠a 25: COVID-19 #30DayMapChallenge 

Las coordenadas 19.53224 LN -99.020197 LW (#Ecatepec, M√©xico) se√±alan un Mural llamado ""H√©roes COVID-19"" para agradecer a todo el personal de salud que ha hecho frente a esta pandemia de forma heroica #GRACIAS

Punto: https://t.co/bx3HqT6CRC https://t.co/dAjuU2nsQL",es,2020-11-26 02:08:37,2,7,"[{'text': '30DayMapChallenge', 'indices': [17, 35]}, {'text': 'Ecatepec', 'indices': [81, 90]}, {'text': 'GRACIAS', 'indices': [239, 247]}]",72170599,Mario Hern√°ndez,armiok,Ecatepec de Morelos,562,148,http://pbs.twimg.com/media/Entwap_XMAAGNiF.jpg,https://twitter.com/twitter/statuses/1331781879054393344
278,1331775451216433155,Distribuci√≥n de edad casos #COVID19 confirmados del g√©nero masculino en M√©xico #30DayMapChallenge https://t.co/NWc4X26xra,es,2020-11-26 01:43:05,1,1,"[{'text': 'COVID19', 'indices': [27, 35]}, {'text': '30DayMapChallenge', 'indices': [79, 97]}]",97729765,Carlos Ruiz,cruizch,"Guadalajara, M√©xico",266,90,http://pbs.twimg.com/media/EntqJjWW8AgUI64.jpg,https://twitter.com/twitter/statuses/1331775451216433155
279,1331775437547122691,Distribuci√≥n de edad casos #COVID19 confirmados del g√©nero femenino en M√©xico #30DayMapChallenge https://t.co/9F5twMVYTq,es,2020-11-26 01:43:02,2,2,"[{'text': 'COVID19', 'indices': [27, 35]}, {'text': '30DayMapChallenge', 'indices': [78, 96]}]",97729765,Carlos Ruiz,cruizch,"Guadalajara, M√©xico",266,90,http://pbs.twimg.com/media/EntqZcVXUAU_Iti.jpg,https://twitter.com/twitter/statuses/1331775437547122691
281,1331764759709036544,Wealth and COVID vulnerability.  #30DayMapChallenge Day 25. https://t.co/OdFrbe1T8T,en,2020-11-26 01:00:36,1,3,"[{'text': '30DayMapChallenge', 'indices': [33, 51]}]",40151250,T√µnu Oja,tonuoja,,34,41,http://pbs.twimg.com/media/Entg6zzW8AEsLL5.jpg,https://twitter.com/twitter/statuses/1331764759709036544
282,1331757365637636098,"#30DayMapChallenge D√≠a 24: Elevaci√≥n. Iba a hacer una figura est√°tica, pero es genial ver c√≥mo ha cambiado la conformaci√≥n de la tierra con este set de datos del proyecto  PaleoDEM.

#rstats #rspatial 

C√≥digo: https://t.co/rBtJxnNvSl https://t.co/lhaQySbTr1",es,2020-11-26 00:31:13,9,33,"[{'text': '30DayMapChallenge', 'indices': [0, 18]}, {'text': 'rstats', 'indices': [183, 190]}, {'text': 'rspatial', 'indices': [191, 200]}]",30381129,Steph Orellana Bello,sporella,Chile,341,205,http://pbs.twimg.com/tweet_video_thumb/EntaCWLXUAYPrhC.jpg,https://twitter.com/twitter/statuses/1331757365637636098
